<?xml version='1.0' encoding='UTF-8' standalone='yes' ?>
<gpx xmlns="http://www.topografix.com/GPX/1/1" xmlns:geotracker="http://ilyabogdanovich.com/gpx/extensions/geotracker" xmlns:xsi="http://www.w3.org/2001/XMLSchema-instance" xsi:schemaLocation="http://www.topografix.com/GPX/1/1 http://www.topografix.com/GPX/1/1/gpx.xsd" version="1.1" creator="Recorded in Geo Tracker for Android from Ilya Bogdanovich">
  <metadata>
    <name>1 Sept 2026 1:55:25 pm</name>
    <author>
      <name>Recorded in Geo Tracker for Android from Ilya Bogdanovich</name>
      <link href="https://play.google.com/store/apps/details?id=com.ilyabogdanovich.geotracker" />
    </author>
    <link href="https://play.google.com/store/apps/details?id=com.ilyabogdanovich.geotracker" />
    <time>2026-09-01T08:25:25Z</time>
  </metadata>
  <trk>
    <name>1 Sept 2026 1:55:25 pm</name>
    <src>Recorded in Geo Tracker for Android from Ilya Bogdanovich</src>
    <link href="https://play.google.com/store/apps/details?id=com.ilyabogdanovich.geotracker" />
    <extensions>
      <geotracker:meta>
        <geotracker:length>5130.73</geotracker:length>
        <geotracker:duration>870948</geotracker:duration>
        <geotracker:creationtime>2026-09-01T08:25:25Z</geotracker:creationtime>
        <geotracker:activity>0</geotracker:activity>
      </geotracker:meta>
    </extensions>
    <trkseg>
      <trkpt lat="18.49634321" lon="73.95019418">
        <ele>523</ele>
        <time>2026-09-01T08:25:39Z</time>
        <extensions>
          <geotracker:meta c="5.97" s="1.05" />
        </extensions>
      </trkpt>
      <trkpt lat="18.49631032" lon="73.95018814">
        <ele>520</ele>
        <time>2026-09-01T08:25:59Z</time>
        <extensions>
          <geotracker:meta c="3.21" s="1.47" />
        </extensions>
      </trkpt>
      <trkpt lat="18.49629447" lon="73.95019175">
        <ele>519</ele>
        <time>2026-09-01T08:26:00Z</time>
        <extensions>
          <geotracker:meta c="2.78" s="1.17" />
        </extensions>
      </trkpt>
      <trkpt lat="18.49627084" lon="73.95019015">
        <ele>518</ele>
        <time>2026-09-01T08:26:01Z</time>
        <extensions>
          <geotracker:meta c="3.25" s="3.4" />
        </extensions>
      </trkpt>
      <trkpt lat="18.49622855" lon="73.9501832">
        <ele>519</ele>
        <time>2026-09-01T08:26:02Z</time>
        <extensions>
          <geotracker:meta c="3.31" s="4.66" />
        </extensions>
      </trkpt>
      <trkpt lat="18.49617549" lon="73.95017339">
        <ele>518</ele>
        <time>2026-09-01T08:26:03Z</time>
        <extensions>
          <geotracker:meta c="3.34" s="4.95" />
        </extensions>
      </trkpt>
      <trkpt lat="18.49610697" lon="73.95016358">
        <ele>516</ele>
        <time>2026-09-01T08:26:04Z</time>
        <extensions>
          <geotracker:meta c="3.35" s="5.7" />
        </extensions>
      </trkpt>
      <trkpt lat="18.49604012" lon="73.95014497">
        <ele>515</ele>
        <time>2026-09-01T08:26:05Z</time>
        <extensions>
          <geotracker:meta c="3.38" s="6.3" />
        </extensions>
      </trkpt>
      <trkpt lat="18.49597374" lon="73.95013676">
        <ele>515</ele>
        <time>2026-09-01T08:26:06Z</time>
        <extensions>
          <geotracker:meta c="3.3" s="6.65" />
        </extensions>
      </trkpt>
      <trkpt lat="18.4959035" lon="73.95012997">
        <ele>514</ele>
        <time>2026-09-01T08:26:07Z</time>
        <extensions>
          <geotracker:meta c="3.21" s="6.74" />
        </extensions>
      </trkpt>
      <trkpt lat="18.49583385" lon="73.95013299">
        <ele>515</ele>
        <time>2026-09-01T08:26:08Z</time>
        <extensions>
          <geotracker:meta c="3.24" s="6.92" />
        </extensions>
      </trkpt>
      <trkpt lat="18.49577165" lon="73.95013651">
        <ele>514</ele>
        <time>2026-09-01T08:26:09Z</time>
        <extensions>
          <geotracker:meta c="3.2" s="6.35" />
        </extensions>
      </trkpt>
      <trkpt lat="18.49571864" lon="73.95013684">
        <ele>514</ele>
        <time>2026-09-01T08:26:10Z</time>
        <extensions>
          <geotracker:meta c="3.16" s="5.2" />
        </extensions>
      </trkpt>
      <trkpt lat="18.49566323" lon="73.95014715">
        <ele>513</ele>
        <time>2026-09-01T08:26:11Z</time>
        <extensions>
          <geotracker:meta c="3.14" s="4.2" />
        </extensions>
      </trkpt>
      <trkpt lat="18.49562748" lon="73.95015361">
        <ele>512</ele>
        <time>2026-09-01T08:26:12Z</time>
        <extensions>
          <geotracker:meta c="3.2" s="2.94" />
        </extensions>
      </trkpt>
      <trkpt lat="18.49559953" lon="73.95015051">
        <ele>512</ele>
        <time>2026-09-01T08:26:13Z</time>
        <extensions>
          <geotracker:meta c="3.23" s="2.67" />
        </extensions>
      </trkpt>
      <trkpt lat="18.49558059" lon="73.95014087">
        <ele>511</ele>
        <time>2026-09-01T08:26:14Z</time>
        <extensions>
          <geotracker:meta c="3.3" s="1.82" />
        </extensions>
      </trkpt>
      <trkpt lat="18.4955725" lon="73.95011815">
        <ele>511</ele>
        <time>2026-09-01T08:26:15Z</time>
        <extensions>
          <geotracker:meta c="3.45" s="1.88" />
        </extensions>
      </trkpt>
      <trkpt lat="18.49556298" lon="73.95009141">
        <ele>510</ele>
        <time>2026-09-01T08:26:16Z</time>
        <extensions>
          <geotracker:meta c="3.89" s="2.18" />
        </extensions>
      </trkpt>
      <trkpt lat="18.49556487" lon="73.95005219">
        <ele>510</ele>
        <time>2026-09-01T08:26:17Z</time>
        <extensions>
          <geotracker:meta c="4.89" s="4.13" />
        </extensions>
      </trkpt>
      <trkpt lat="18.49558046" lon="73.94999804">
        <ele>508</ele>
        <time>2026-09-01T08:26:18Z</time>
        <extensions>
          <geotracker:meta c="5.04" s="4.48" />
        </extensions>
      </trkpt>
      <trkpt lat="18.49559463" lon="73.94994683">
        <ele>508</ele>
        <time>2026-09-01T08:26:19Z</time>
        <extensions>
          <geotracker:meta c="4.86" s="5.11" />
        </extensions>
      </trkpt>
      <trkpt lat="18.49560246" lon="73.94989427">
        <ele>505</ele>
        <time>2026-09-01T08:26:20Z</time>
        <extensions>
          <geotracker:meta c="4.93" s="6.04" />
        </extensions>
      </trkpt>
      <trkpt lat="18.49561441" lon="73.9498387">
        <ele>504</ele>
        <time>2026-09-01T08:26:21Z</time>
        <extensions>
          <geotracker:meta c="4.94" s="6.46" />
        </extensions>
      </trkpt>
      <trkpt lat="18.49562128" lon="73.94976544">
        <ele>503</ele>
        <time>2026-09-01T08:26:22Z</time>
        <extensions>
          <geotracker:meta c="4.79" s="6.92" />
        </extensions>
      </trkpt>
      <trkpt lat="18.49562354" lon="73.94970576">
        <ele>501</ele>
        <time>2026-09-01T08:26:23Z</time>
        <extensions>
          <geotracker:meta c="4.87" s="6.24" />
        </extensions>
      </trkpt>
      <trkpt lat="18.49563373" lon="73.94965195">
        <ele>501</ele>
        <time>2026-09-01T08:26:24Z</time>
        <extensions>
          <geotracker:meta c="4.81" s="5.87" />
        </extensions>
      </trkpt>
      <trkpt lat="18.4956383" lon="73.9495963">
        <ele>501</ele>
        <time>2026-09-01T08:26:25Z</time>
        <extensions>
          <geotracker:meta c="4.89" s="5.85" />
        </extensions>
      </trkpt>
      <trkpt lat="18.49565598" lon="73.94954324">
        <ele>499</ele>
        <time>2026-09-01T08:26:26Z</time>
        <extensions>
          <geotracker:meta c="4.92" s="5.96" />
        </extensions>
      </trkpt>
      <trkpt lat="18.49567513" lon="73.9494818">
        <ele>499</ele>
        <time>2026-09-01T08:26:27Z</time>
        <extensions>
          <geotracker:meta c="4.87" s="6.12" />
        </extensions>
      </trkpt>
      <trkpt lat="18.49568842" lon="73.94942639">
        <ele>498</ele>
        <time>2026-09-01T08:26:28Z</time>
        <extensions>
          <geotracker:meta c="4.81" s="6.12" />
        </extensions>
      </trkpt>
      <trkpt lat="18.49568959" lon="73.94936965">
        <ele>498</ele>
        <time>2026-09-01T08:26:29Z</time>
        <extensions>
          <geotracker:meta c="4.81" s="5.91" />
        </extensions>
      </trkpt>
      <trkpt lat="18.49568683" lon="73.94931793">
        <ele>497</ele>
        <time>2026-09-01T08:26:30Z</time>
        <extensions>
          <geotracker:meta c="4.77" s="5.25" />
        </extensions>
      </trkpt>
      <trkpt lat="18.49567522" lon="73.94926915">
        <ele>497</ele>
        <time>2026-09-01T08:26:31Z</time>
        <extensions>
          <geotracker:meta c="4.73" s="5.02" />
        </extensions>
      </trkpt>
      <trkpt lat="18.49568012" lon="73.94921961">
        <ele>496</ele>
        <time>2026-09-01T08:26:32Z</time>
        <extensions>
          <geotracker:meta c="4.71" s="5.63" />
        </extensions>
      </trkpt>
      <trkpt lat="18.49568603" lon="73.94916647">
        <ele>495</ele>
        <time>2026-09-01T08:26:33Z</time>
        <extensions>
          <geotracker:meta c="4.8" s="5.86" />
        </extensions>
      </trkpt>
      <trkpt lat="18.4956955" lon="73.94911065">
        <ele>495</ele>
        <time>2026-09-01T08:26:34Z</time>
        <extensions>
          <geotracker:meta c="4.83" s="5.81" />
        </extensions>
      </trkpt>
      <trkpt lat="18.49569961" lon="73.94905625">
        <ele>494</ele>
        <time>2026-09-01T08:26:35Z</time>
        <extensions>
          <geotracker:meta c="4.82" s="5.64" />
        </extensions>
      </trkpt>
      <trkpt lat="18.49571181" lon="73.94900361">
        <ele>494</ele>
        <time>2026-09-01T08:26:36Z</time>
        <extensions>
          <geotracker:meta c="4.88" s="5.53" />
        </extensions>
      </trkpt>
      <trkpt lat="18.49572216" lon="73.94895122">
        <ele>494</ele>
        <time>2026-09-01T08:26:37Z</time>
        <extensions>
          <geotracker:meta c="4.87" s="5.7" />
        </extensions>
      </trkpt>
      <trkpt lat="18.4957305" lon="73.948899">
        <ele>493</ele>
        <time>2026-09-01T08:26:38Z</time>
        <extensions>
          <geotracker:meta c="4.82" s="5.73" />
        </extensions>
      </trkpt>
      <trkpt lat="18.49573724" lon="73.94884528">
        <ele>493</ele>
        <time>2026-09-01T08:26:39Z</time>
        <extensions>
          <geotracker:meta c="4.87" s="5.3" />
        </extensions>
      </trkpt>
      <trkpt lat="18.49573662" lon="73.94879222">
        <ele>492</ele>
        <time>2026-09-01T08:26:40Z</time>
        <extensions>
          <geotracker:meta c="4.82" s="4.65" />
        </extensions>
      </trkpt>
      <trkpt lat="18.49573842" lon="73.94873531">
        <ele>492</ele>
        <time>2026-09-01T08:26:41Z</time>
        <extensions>
          <geotracker:meta c="4.71" s="3.79" />
        </extensions>
      </trkpt>
      <trkpt lat="18.49573117" lon="73.9486991">
        <ele>492</ele>
        <time>2026-09-01T08:26:42Z</time>
        <extensions>
          <geotracker:meta c="4.58" s="2.65" />
        </extensions>
      </trkpt>
      <trkpt lat="18.49571248" lon="73.94867839">
        <ele>493</ele>
        <time>2026-09-01T08:26:43Z</time>
        <extensions>
          <geotracker:meta c="4.26" s="1.74" />
        </extensions>
      </trkpt>
      <trkpt lat="18.49569345" lon="73.94865962">
        <ele>493</ele>
        <time>2026-09-01T08:26:44Z</time>
        <extensions>
          <geotracker:meta c="4.11" s="3.08" />
        </extensions>
      </trkpt>
      <trkpt lat="18.49566034" lon="73.94863481">
        <ele>494</ele>
        <time>2026-09-01T08:26:45Z</time>
        <extensions>
          <geotracker:meta c="3.9" s="2.95" />
        </extensions>
      </trkpt>
      <trkpt lat="18.49560959" lon="73.94861905">
        <ele>494</ele>
        <time>2026-09-01T08:26:46Z</time>
        <extensions>
          <geotracker:meta c="3.42" s="4.78" />
        </extensions>
      </trkpt>
      <trkpt lat="18.49555829" lon="73.94860874">
        <ele>495</ele>
        <time>2026-09-01T08:26:47Z</time>
        <extensions>
          <geotracker:meta c="3.4" s="5.5" />
        </extensions>
      </trkpt>
      <trkpt lat="18.49550511" lon="73.94860078">
        <ele>495</ele>
        <time>2026-09-01T08:26:48Z</time>
        <extensions>
          <geotracker:meta c="3.38" s="5.37" />
        </extensions>
      </trkpt>
      <trkpt lat="18.49544618" lon="73.94858477">
        <ele>495</ele>
        <time>2026-09-01T08:26:49Z</time>
        <extensions>
          <geotracker:meta c="3.53" s="6.46" />
        </extensions>
      </trkpt>
      <trkpt lat="18.49537087" lon="73.94858686">
        <ele>496</ele>
        <time>2026-09-01T08:26:50Z</time>
        <extensions>
          <geotracker:meta c="3.3" s="7.21" />
        </extensions>
      </trkpt>
      <trkpt lat="18.49529443" lon="73.94859759">
        <ele>496</ele>
        <time>2026-09-01T08:26:51Z</time>
        <extensions>
          <geotracker:meta c="3.26" s="7.25" />
        </extensions>
      </trkpt>
      <trkpt lat="18.49522448" lon="73.94859483">
        <ele>497</ele>
        <time>2026-09-01T08:26:52Z</time>
        <extensions>
          <geotracker:meta c="3.23" s="7.37" />
        </extensions>
      </trkpt>
      <trkpt lat="18.49515106" lon="73.94859055">
        <ele>498</ele>
        <time>2026-09-01T08:26:53Z</time>
        <extensions>
          <geotracker:meta c="3.24" s="7.93" />
        </extensions>
      </trkpt>
      <trkpt lat="18.49507922" lon="73.94858334">
        <ele>499</ele>
        <time>2026-09-01T08:26:54Z</time>
        <extensions>
          <geotracker:meta c="3.26" s="8.11" />
        </extensions>
      </trkpt>
      <trkpt lat="18.49500563" lon="73.94858091">
        <ele>499</ele>
        <time>2026-09-01T08:26:55Z</time>
        <extensions>
          <geotracker:meta c="3.27" s="8.12" />
        </extensions>
      </trkpt>
      <trkpt lat="18.49493568" lon="73.94857924">
        <ele>500</ele>
        <time>2026-09-01T08:26:56Z</time>
        <extensions>
          <geotracker:meta c="3.22" s="7.8" />
        </extensions>
      </trkpt>
      <trkpt lat="18.49487148" lon="73.9485758">
        <ele>500</ele>
        <time>2026-09-01T08:26:57Z</time>
        <extensions>
          <geotracker:meta c="3.25" s="6.69" />
        </extensions>
      </trkpt>
      <trkpt lat="18.49481347" lon="73.9485753">
        <ele>500</ele>
        <time>2026-09-01T08:26:58Z</time>
        <extensions>
          <geotracker:meta c="3.26" s="5.78" />
        </extensions>
      </trkpt>
      <trkpt lat="18.49475996" lon="73.94857395">
        <ele>501</ele>
        <time>2026-09-01T08:26:59Z</time>
        <extensions>
          <geotracker:meta c="3.24" s="5.36" />
        </extensions>
      </trkpt>
      <trkpt lat="18.4947061" lon="73.94857094">
        <ele>503</ele>
        <time>2026-09-01T08:27:00Z</time>
        <extensions>
          <geotracker:meta c="3.33" s="5.48" />
        </extensions>
      </trkpt>
      <trkpt lat="18.49465229" lon="73.9485644">
        <ele>505</ele>
        <time>2026-09-01T08:27:01Z</time>
        <extensions>
          <geotracker:meta c="3.29" s="6.07" />
        </extensions>
      </trkpt>
      <trkpt lat="18.49459613" lon="73.94856038">
        <ele>506</ele>
        <time>2026-09-01T08:27:02Z</time>
        <extensions>
          <geotracker:meta c="3.31" s="6.31" />
        </extensions>
      </trkpt>
      <trkpt lat="18.49453331" lon="73.9485613">
        <ele>506</ele>
        <time>2026-09-01T08:27:03Z</time>
        <extensions>
          <geotracker:meta c="3.3" s="6.38" />
        </extensions>
      </trkpt>
      <trkpt lat="18.49446927" lon="73.94855878">
        <ele>506</ele>
        <time>2026-09-01T08:27:04Z</time>
        <extensions>
          <geotracker:meta c="3.22" s="6.94" />
        </extensions>
      </trkpt>
      <trkpt lat="18.49440632" lon="73.94856113">
        <ele>507</ele>
        <time>2026-09-01T08:27:05Z</time>
        <extensions>
          <geotracker:meta c="3.25" s="7.02" />
        </extensions>
      </trkpt>
      <trkpt lat="18.49434321" lon="73.9485535">
        <ele>507</ele>
        <time>2026-09-01T08:27:06Z</time>
        <extensions>
          <geotracker:meta c="3.24" s="6.85" />
        </extensions>
      </trkpt>
      <trkpt lat="18.49427691" lon="73.94854336">
        <ele>508</ele>
        <time>2026-09-01T08:27:07Z</time>
        <extensions>
          <geotracker:meta c="3.26" s="7.12" />
        </extensions>
      </trkpt>
      <trkpt lat="18.49421253" lon="73.94853649">
        <ele>508</ele>
        <time>2026-09-01T08:27:08Z</time>
        <extensions>
          <geotracker:meta c="3.21" s="7.06" />
        </extensions>
      </trkpt>
      <trkpt lat="18.49415109" lon="73.94853272">
        <ele>507</ele>
        <time>2026-09-01T08:27:09Z</time>
        <extensions>
          <geotracker:meta c="3.27" s="6.28" />
        </extensions>
      </trkpt>
      <trkpt lat="18.49410093" lon="73.94853791">
        <ele>507</ele>
        <time>2026-09-01T08:27:10Z</time>
        <extensions>
          <geotracker:meta c="3.21" s="4.35" />
        </extensions>
      </trkpt>
      <trkpt lat="18.49406397" lon="73.94854101">
        <ele>507</ele>
        <time>2026-09-01T08:27:11Z</time>
        <extensions>
          <geotracker:meta c="3.16" s="2.79" />
        </extensions>
      </trkpt>
      <trkpt lat="18.49403576" lon="73.94854143">
        <ele>508</ele>
        <time>2026-09-01T08:27:12Z</time>
        <extensions>
          <geotracker:meta c="3.28" s="2.38" />
        </extensions>
      </trkpt>
      <trkpt lat="18.49401397" lon="73.94853573">
        <ele>508</ele>
        <time>2026-09-01T08:27:13Z</time>
        <extensions>
          <geotracker:meta c="3.58" s="1.95" />
        </extensions>
      </trkpt>
      <trkpt lat="18.49400093" lon="73.94852869">
        <ele>507</ele>
        <time>2026-09-01T08:27:14Z</time>
        <extensions>
          <geotracker:meta c="3.93" s="1.73" />
        </extensions>
      </trkpt>
      <trkpt lat="18.49399326" lon="73.94851176">
        <ele>506</ele>
        <time>2026-09-01T08:27:15Z</time>
        <extensions>
          <geotracker:meta c="4.39" s="1.72" />
        </extensions>
      </trkpt>
      <trkpt lat="18.49399368" lon="73.94849491">
        <ele>506</ele>
        <time>2026-09-01T08:27:16Z</time>
        <extensions>
          <geotracker:meta c="4.69" s="1.92" />
        </extensions>
      </trkpt>
      <trkpt lat="18.49399632" lon="73.94847077">
        <ele>506</ele>
        <time>2026-09-01T08:27:17Z</time>
        <extensions>
          <geotracker:meta c="4.89" s="3.19" />
        </extensions>
      </trkpt>
      <trkpt lat="18.49399821" lon="73.94843373">
        <ele>506</ele>
        <time>2026-09-01T08:27:18Z</time>
        <extensions>
          <geotracker:meta c="4.84" s="3.45" />
        </extensions>
      </trkpt>
      <trkpt lat="18.49400412" lon="73.94839659">
        <ele>506</ele>
        <time>2026-09-01T08:27:19Z</time>
        <extensions>
          <geotracker:meta c="4.74" s="4.59" />
        </extensions>
      </trkpt>
      <trkpt lat="18.49400647" lon="73.94834471">
        <ele>505</ele>
        <time>2026-09-01T08:27:20Z</time>
        <extensions>
          <geotracker:meta c="4.79" s="5.04" />
        </extensions>
      </trkpt>
      <trkpt lat="18.49401962" lon="73.94829266">
        <ele>505</ele>
        <time>2026-09-01T08:27:21Z</time>
        <extensions>
          <geotracker:meta c="4.92" s="5.48" />
        </extensions>
      </trkpt>
      <trkpt lat="18.49403471" lon="73.94823348">
        <ele>505</ele>
        <time>2026-09-01T08:27:22Z</time>
        <extensions>
          <geotracker:meta c="4.88" s="5.7" />
        </extensions>
      </trkpt>
      <trkpt lat="18.49404674" lon="73.94817925">
        <ele>504</ele>
        <time>2026-09-01T08:27:23Z</time>
        <extensions>
          <geotracker:meta c="4.84" s="5.8" />
        </extensions>
      </trkpt>
      <trkpt lat="18.49406577" lon="73.94812251">
        <ele>503</ele>
        <time>2026-09-01T08:27:24Z</time>
        <extensions>
          <geotracker:meta c="4.82" s="5.8" />
        </extensions>
      </trkpt>
      <trkpt lat="18.49407608" lon="73.94806618">
        <ele>501</ele>
        <time>2026-09-01T08:27:25Z</time>
        <extensions>
          <geotracker:meta c="4.84" s="5.86" />
        </extensions>
      </trkpt>
      <trkpt lat="18.49407863" lon="73.94800918">
        <ele>500</ele>
        <time>2026-09-01T08:27:26Z</time>
        <extensions>
          <geotracker:meta c="4.85" s="5.31" />
        </extensions>
      </trkpt>
      <trkpt lat="18.49407436" lon="73.94796652">
        <ele>500</ele>
        <time>2026-09-01T08:27:27Z</time>
        <extensions>
          <geotracker:meta c="4.61" s="4.14" />
        </extensions>
      </trkpt>
      <trkpt lat="18.49407298" lon="73.94792134">
        <ele>500</ele>
        <time>2026-09-01T08:27:28Z</time>
        <extensions>
          <geotracker:meta c="4.58" s="4.17" />
        </extensions>
      </trkpt>
      <trkpt lat="18.49407432" lon="73.9478858">
        <ele>500</ele>
        <time>2026-09-01T08:27:29Z</time>
        <extensions>
          <geotracker:meta c="4.67" s="4.07" />
        </extensions>
      </trkpt>
      <trkpt lat="18.49407721" lon="73.94784716">
        <ele>500</ele>
        <time>2026-09-01T08:27:30Z</time>
        <extensions>
          <geotracker:meta c="4.8" s="3.68" />
        </extensions>
      </trkpt>
      <trkpt lat="18.49408391" lon="73.94782428">
        <ele>500</ele>
        <time>2026-09-01T08:27:31Z</time>
        <extensions>
          <geotracker:meta c="4.81" s="2.28" />
        </extensions>
      </trkpt>
      <trkpt lat="18.49409033" lon="73.94779201">
        <ele>500</ele>
        <time>2026-09-01T08:27:32Z</time>
        <extensions>
          <geotracker:meta c="4.87" s="3.72" />
        </extensions>
      </trkpt>
      <trkpt lat="18.49410286" lon="73.94775135">
        <ele>500</ele>
        <time>2026-09-01T08:27:33Z</time>
        <extensions>
          <geotracker:meta c="5.05" s="5.13" />
        </extensions>
      </trkpt>
      <trkpt lat="18.49412687" lon="73.94769645">
        <ele>500</ele>
        <time>2026-09-01T08:27:34Z</time>
        <extensions>
          <geotracker:meta c="4.98" s="5.28" />
        </extensions>
      </trkpt>
      <trkpt lat="18.49413429" lon="73.94763585">
        <ele>499</ele>
        <time>2026-09-01T08:27:35Z</time>
        <extensions>
          <geotracker:meta c="4.88" s="6.04" />
        </extensions>
      </trkpt>
      <trkpt lat="18.49414963" lon="73.94757651">
        <ele>499</ele>
        <time>2026-09-01T08:27:36Z</time>
        <extensions>
          <geotracker:meta c="4.83" s="6.23" />
        </extensions>
      </trkpt>
      <trkpt lat="18.49415625" lon="73.94752538">
        <ele>498</ele>
        <time>2026-09-01T08:27:37Z</time>
        <extensions>
          <geotracker:meta c="4.84" s="5.46" />
        </extensions>
      </trkpt>
      <trkpt lat="18.49416237" lon="73.94748431">
        <ele>498</ele>
        <time>2026-09-01T08:27:38Z</time>
        <extensions>
          <geotracker:meta c="4.86" s="3.7" />
        </extensions>
      </trkpt>
      <trkpt lat="18.4941599" lon="73.94745497">
        <ele>497</ele>
        <time>2026-09-01T08:27:39Z</time>
        <extensions>
          <geotracker:meta c="4.63" s="2.68" />
        </extensions>
      </trkpt>
      <trkpt lat="18.49408735" lon="73.94742094">
        <ele>499</ele>
        <time>2026-09-01T08:27:41Z</time>
        <extensions>
          <geotracker:meta c="3.42" s="3.5" />
        </extensions>
      </trkpt>
      <trkpt lat="18.49402998" lon="73.94742077">
        <ele>499</ele>
        <time>2026-09-01T08:27:42Z</time>
        <extensions>
          <geotracker:meta c="3.22" s="4.93" />
        </extensions>
      </trkpt>
      <trkpt lat="18.49398316" lon="73.94742555">
        <ele>501</ele>
        <time>2026-09-01T08:27:43Z</time>
        <extensions>
          <geotracker:meta c="3.18" s="5.37" />
        </extensions>
      </trkpt>
      <trkpt lat="18.4939278" lon="73.94742865">
        <ele>503</ele>
        <time>2026-09-01T08:27:44Z</time>
        <extensions>
          <geotracker:meta c="3.21" s="5.78" />
        </extensions>
      </trkpt>
      <trkpt lat="18.49388044" lon="73.94741734">
        <ele>504</ele>
        <time>2026-09-01T08:27:45Z</time>
        <extensions>
          <geotracker:meta c="3.3" s="5.18" />
        </extensions>
      </trkpt>
      <trkpt lat="18.49383719" lon="73.94740761">
        <ele>505</ele>
        <time>2026-09-01T08:27:46Z</time>
        <extensions>
          <geotracker:meta c="3.23" s="4.55" />
        </extensions>
      </trkpt>
      <trkpt lat="18.49380346" lon="73.94739722">
        <ele>506</ele>
        <time>2026-09-01T08:27:47Z</time>
        <extensions>
          <geotracker:meta c="3.39" s="3.12" />
        </extensions>
      </trkpt>
      <trkpt lat="18.49377978" lon="73.94738548">
        <ele>507</ele>
        <time>2026-09-01T08:27:48Z</time>
        <extensions>
          <geotracker:meta c="3.62" s="2.64" />
        </extensions>
      </trkpt>
      <trkpt lat="18.49375966" lon="73.94736755">
        <ele>507</ele>
        <time>2026-09-01T08:27:49Z</time>
        <extensions>
          <geotracker:meta c="3.85" s="2.76" />
        </extensions>
      </trkpt>
      <trkpt lat="18.49373783" lon="73.94734123">
        <ele>507</ele>
        <time>2026-09-01T08:27:50Z</time>
        <extensions>
          <geotracker:meta c="4.02" s="3.96" />
        </extensions>
      </trkpt>
      <trkpt lat="18.49372768" lon="73.94730845">
        <ele>507</ele>
        <time>2026-09-01T08:27:51Z</time>
        <extensions>
          <geotracker:meta c="4.52" s="3.82" />
        </extensions>
      </trkpt>
      <trkpt lat="18.49373317" lon="73.94726965">
        <ele>507</ele>
        <time>2026-09-01T08:27:52Z</time>
        <extensions>
          <geotracker:meta c="4.91" s="3.57" />
        </extensions>
      </trkpt>
      <trkpt lat="18.49374579" lon="73.94723654">
        <ele>507</ele>
        <time>2026-09-01T08:27:53Z</time>
        <extensions>
          <geotracker:meta c="5.2" s="3.79" />
        </extensions>
      </trkpt>
      <trkpt lat="18.4937706" lon="73.94720921">
        <ele>507</ele>
        <time>2026-09-01T08:27:54Z</time>
        <extensions>
          <geotracker:meta c="5.42" s="4.18" />
        </extensions>
      </trkpt>
      <trkpt lat="18.49379784" lon="73.94717242">
        <ele>506</ele>
        <time>2026-09-01T08:27:55Z</time>
        <extensions>
          <geotracker:meta c="5.47" s="4.56" />
        </extensions>
      </trkpt>
      <trkpt lat="18.49383648" lon="73.94713537">
        <ele>506</ele>
        <time>2026-09-01T08:27:56Z</time>
        <extensions>
          <geotracker:meta c="5.49" s="6.31" />
        </extensions>
      </trkpt>
      <trkpt lat="18.49387994" lon="73.94708617">
        <ele>507</ele>
        <time>2026-09-01T08:27:57Z</time>
        <extensions>
          <geotracker:meta c="5.45" s="7.16" />
        </extensions>
      </trkpt>
      <trkpt lat="18.49392281" lon="73.9470342">
        <ele>507</ele>
        <time>2026-09-01T08:27:58Z</time>
        <extensions>
          <geotracker:meta c="5.43" s="7.75" />
        </extensions>
      </trkpt>
      <trkpt lat="18.49396946" lon="73.94697276">
        <ele>507</ele>
        <time>2026-09-01T08:27:59Z</time>
        <extensions>
          <geotracker:meta c="5.39" s="8.5" />
        </extensions>
      </trkpt>
      <trkpt lat="18.49402025" lon="73.94690403">
        <ele>507</ele>
        <time>2026-09-01T08:28:00Z</time>
        <extensions>
          <geotracker:meta c="5.38" s="9.08" />
        </extensions>
      </trkpt>
      <trkpt lat="18.49406899" lon="73.94683253">
        <ele>507</ele>
        <time>2026-09-01T08:28:01Z</time>
        <extensions>
          <geotracker:meta c="5.38" s="9.48" />
        </extensions>
      </trkpt>
      <trkpt lat="18.49412142" lon="73.94676137">
        <ele>507</ele>
        <time>2026-09-01T08:28:02Z</time>
        <extensions>
          <geotracker:meta c="5.38" s="9.84" />
        </extensions>
      </trkpt>
      <trkpt lat="18.49417884" lon="73.94668786">
        <ele>507</ele>
        <time>2026-09-01T08:28:03Z</time>
        <extensions>
          <geotracker:meta c="5.4" s="10.08" />
        </extensions>
      </trkpt>
      <trkpt lat="18.49423039" lon="73.94661661">
        <ele>507</ele>
        <time>2026-09-01T08:28:04Z</time>
        <extensions>
          <geotracker:meta c="5.36" s="9.29" />
        </extensions>
      </trkpt>
      <trkpt lat="18.49427921" lon="73.94654713">
        <ele>507</ele>
        <time>2026-09-01T08:28:05Z</time>
        <extensions>
          <geotracker:meta c="5.34" s="9.28" />
        </extensions>
      </trkpt>
      <trkpt lat="18.49432766" lon="73.94647513">
        <ele>506</ele>
        <time>2026-09-01T08:28:06Z</time>
        <extensions>
          <geotracker:meta c="5.33" s="9.6" />
        </extensions>
      </trkpt>
      <trkpt lat="18.49437845" lon="73.94640128">
        <ele>506</ele>
        <time>2026-09-01T08:28:07Z</time>
        <extensions>
          <geotracker:meta c="5.3" s="9.86" />
        </extensions>
      </trkpt>
      <trkpt lat="18.49442841" lon="73.94632316">
        <ele>506</ele>
        <time>2026-09-01T08:28:08Z</time>
        <extensions>
          <geotracker:meta c="5.32" s="10.09" />
        </extensions>
      </trkpt>
      <trkpt lat="18.49448021" lon="73.94624244">
        <ele>505</ele>
        <time>2026-09-01T08:28:09Z</time>
        <extensions>
          <geotracker:meta c="5.32" s="10.25" />
        </extensions>
      </trkpt>
      <trkpt lat="18.49453327" lon="73.94616332">
        <ele>505</ele>
        <time>2026-09-01T08:28:10Z</time>
        <extensions>
          <geotracker:meta c="5.32" s="10.42" />
        </extensions>
      </trkpt>
      <trkpt lat="18.49458653" lon="73.94608185">
        <ele>505</ele>
        <time>2026-09-01T08:28:11Z</time>
        <extensions>
          <geotracker:meta c="5.3" s="10.49" />
        </extensions>
      </trkpt>
      <trkpt lat="18.49464206" lon="73.94600356">
        <ele>505</ele>
        <time>2026-09-01T08:28:12Z</time>
        <extensions>
          <geotracker:meta c="5.33" s="9.98" />
        </extensions>
      </trkpt>
      <trkpt lat="18.49469303" lon="73.94593248">
        <ele>505</ele>
        <time>2026-09-01T08:28:13Z</time>
        <extensions>
          <geotracker:meta c="5.34" s="8.81" />
        </extensions>
      </trkpt>
      <trkpt lat="18.4947336" lon="73.94586978">
        <ele>504</ele>
        <time>2026-09-01T08:28:14Z</time>
        <extensions>
          <geotracker:meta c="5.32" s="7.41" />
        </extensions>
      </trkpt>
      <trkpt lat="18.49477077" lon="73.94581413">
        <ele>504</ele>
        <time>2026-09-01T08:28:15Z</time>
        <extensions>
          <geotracker:meta c="5.32" s="7.08" />
        </extensions>
      </trkpt>
      <trkpt lat="18.49480421" lon="73.94575671">
        <ele>504</ele>
        <time>2026-09-01T08:28:16Z</time>
        <extensions>
          <geotracker:meta c="5.31" s="7.2" />
        </extensions>
      </trkpt>
      <trkpt lat="18.49484273" lon="73.94569754">
        <ele>504</ele>
        <time>2026-09-01T08:28:17Z</time>
        <extensions>
          <geotracker:meta c="5.33" s="7.82" />
        </extensions>
      </trkpt>
      <trkpt lat="18.49493522" lon="73.94557131">
        <ele>503</ele>
        <time>2026-09-01T08:28:19Z</time>
        <extensions>
          <geotracker:meta c="5.36" s="8.69" />
        </extensions>
      </trkpt>
      <trkpt lat="18.49498333" lon="73.94550383">
        <ele>503</ele>
        <time>2026-09-01T08:28:20Z</time>
        <extensions>
          <geotracker:meta c="5.35" s="9.36" />
        </extensions>
      </trkpt>
      <trkpt lat="18.49503396" lon="73.945432">
        <ele>503</ele>
        <time>2026-09-01T08:28:21Z</time>
        <extensions>
          <geotracker:meta c="5.34" s="9.59" />
        </extensions>
      </trkpt>
      <trkpt lat="18.49513936" lon="73.94527785">
        <ele>503</ele>
        <time>2026-09-01T08:28:23Z</time>
        <extensions>
          <geotracker:meta c="5.34" s="10.33" />
        </extensions>
      </trkpt>
      <trkpt lat="18.49519012" lon="73.94519504">
        <ele>502</ele>
        <time>2026-09-01T08:28:24Z</time>
        <extensions>
          <geotracker:meta c="5.35" s="10.53" />
        </extensions>
      </trkpt>
      <trkpt lat="18.49524669" lon="73.9451129">
        <ele>502</ele>
        <time>2026-09-01T08:28:25Z</time>
        <extensions>
          <geotracker:meta c="5.34" s="10.76" />
        </extensions>
      </trkpt>
      <trkpt lat="18.49530859" lon="73.94503444">
        <ele>502</ele>
        <time>2026-09-01T08:28:26Z</time>
        <extensions>
          <geotracker:meta c="5.36" s="11.06" />
        </extensions>
      </trkpt>
      <trkpt lat="18.49537477" lon="73.94494903">
        <ele>502</ele>
        <time>2026-09-01T08:28:27Z</time>
        <extensions>
          <geotracker:meta c="5.36" s="11.2" />
        </extensions>
      </trkpt>
      <trkpt lat="18.49543604" lon="73.94486379">
        <ele>502</ele>
        <time>2026-09-01T08:28:28Z</time>
        <extensions>
          <geotracker:meta c="5.37" s="11.11" />
        </extensions>
      </trkpt>
      <trkpt lat="18.49549576" lon="73.94478173">
        <ele>501</ele>
        <time>2026-09-01T08:28:29Z</time>
        <extensions>
          <geotracker:meta c="5.37" s="10.32" />
        </extensions>
      </trkpt>
      <trkpt lat="18.49555133" lon="73.94470361">
        <ele>501</ele>
        <time>2026-09-01T08:28:30Z</time>
        <extensions>
          <geotracker:meta c="5.36" s="10.26" />
        </extensions>
      </trkpt>
      <trkpt lat="18.49560896" lon="73.94462708">
        <ele>500</ele>
        <time>2026-09-01T08:28:31Z</time>
        <extensions>
          <geotracker:meta c="5.37" s="10.14" />
        </extensions>
      </trkpt>
      <trkpt lat="18.4956621" lon="73.94455274">
        <ele>500</ele>
        <time>2026-09-01T08:28:32Z</time>
        <extensions>
          <geotracker:meta c="5.37" s="10.15" />
        </extensions>
      </trkpt>
      <trkpt lat="18.49571637" lon="73.94447587">
        <ele>499</ele>
        <time>2026-09-01T08:28:33Z</time>
        <extensions>
          <geotracker:meta c="5.35" s="10.36" />
        </extensions>
      </trkpt>
      <trkpt lat="18.49577408" lon="73.94439809">
        <ele>499</ele>
        <time>2026-09-01T08:28:34Z</time>
        <extensions>
          <geotracker:meta c="5.32" s="10.61" />
        </extensions>
      </trkpt>
      <trkpt lat="18.49582949" lon="73.94431561">
        <ele>499</ele>
        <time>2026-09-01T08:28:35Z</time>
        <extensions>
          <geotracker:meta c="5.33" s="10.76" />
        </extensions>
      </trkpt>
      <trkpt lat="18.49588887" lon="73.94423406">
        <ele>499</ele>
        <time>2026-09-01T08:28:36Z</time>
        <extensions>
          <geotracker:meta c="5.36" s="11.05" />
        </extensions>
      </trkpt>
      <trkpt lat="18.49594574" lon="73.94415242">
        <ele>499</ele>
        <time>2026-09-01T08:28:37Z</time>
        <extensions>
          <geotracker:meta c="5.35" s="10.58" />
        </extensions>
      </trkpt>
      <trkpt lat="18.49600228" lon="73.94407162">
        <ele>498</ele>
        <time>2026-09-01T08:28:38Z</time>
        <extensions>
          <geotracker:meta c="5.35" s="10.59" />
        </extensions>
      </trkpt>
      <trkpt lat="18.49605249" lon="73.94399291">
        <ele>498</ele>
        <time>2026-09-01T08:28:39Z</time>
        <extensions>
          <geotracker:meta c="5.31" s="9.5" />
        </extensions>
      </trkpt>
      <trkpt lat="18.4961029" lon="73.94392183">
        <ele>498</ele>
        <time>2026-09-01T08:28:40Z</time>
        <extensions>
          <geotracker:meta c="5.31" s="9.18" />
        </extensions>
      </trkpt>
      <trkpt lat="18.49619879" lon="73.94379158">
        <ele>498</ele>
        <time>2026-09-01T08:28:42Z</time>
        <extensions>
          <geotracker:meta c="5.37" s="8.34" />
        </extensions>
      </trkpt>
      <trkpt lat="18.49624301" lon="73.94373097">
        <ele>498</ele>
        <time>2026-09-01T08:28:43Z</time>
        <extensions>
          <geotracker:meta c="5.36" s="8.05" />
        </extensions>
      </trkpt>
      <trkpt lat="18.49628835" lon="73.94367121">
        <ele>498</ele>
        <time>2026-09-01T08:28:44Z</time>
        <extensions>
          <geotracker:meta c="5.37" s="8.03" />
        </extensions>
      </trkpt>
      <trkpt lat="18.4963288" lon="73.94361447">
        <ele>498</ele>
        <time>2026-09-01T08:28:45Z</time>
        <extensions>
          <geotracker:meta c="5.34" s="7.78" />
        </extensions>
      </trkpt>
      <trkpt lat="18.49641978" lon="73.94349075">
        <ele>498</ele>
        <time>2026-09-01T08:28:47Z</time>
        <extensions>
          <geotracker:meta c="5.39" s="8.36" />
        </extensions>
      </trkpt>
      <trkpt lat="18.49646945" lon="73.94342705">
        <ele>498</ele>
        <time>2026-09-01T08:28:48Z</time>
        <extensions>
          <geotracker:meta c="5.41" s="8.7" />
        </extensions>
      </trkpt>
      <trkpt lat="18.4965668" lon="73.9432952">
        <ele>499</ele>
        <time>2026-09-01T08:28:50Z</time>
        <extensions>
          <geotracker:meta c="5.36" s="8.99" />
        </extensions>
      </trkpt>
      <trkpt lat="18.49661797" lon="73.94322773">
        <ele>499</ele>
        <time>2026-09-01T08:28:51Z</time>
        <extensions>
          <geotracker:meta c="5.36" s="9.12" />
        </extensions>
      </trkpt>
      <trkpt lat="18.49666986" lon="73.94315832">
        <ele>499</ele>
        <time>2026-09-01T08:28:52Z</time>
        <extensions>
          <geotracker:meta c="5.38" s="9.34" />
        </extensions>
      </trkpt>
      <trkpt lat="18.49677589" lon="73.94301038">
        <ele>499</ele>
        <time>2026-09-01T08:28:54Z</time>
        <extensions>
          <geotracker:meta c="5.36" s="9.78" />
        </extensions>
      </trkpt>
      <trkpt lat="18.49683037" lon="73.94293453">
        <ele>499</ele>
        <time>2026-09-01T08:28:55Z</time>
        <extensions>
          <geotracker:meta c="5.35" s="9.9" />
        </extensions>
      </trkpt>
      <trkpt lat="18.4968854" lon="73.94286077">
        <ele>498</ele>
        <time>2026-09-01T08:28:56Z</time>
        <extensions>
          <geotracker:meta c="5.35" s="9.74" />
        </extensions>
      </trkpt>
      <trkpt lat="18.49693695" lon="73.94278776">
        <ele>498</ele>
        <time>2026-09-01T08:28:57Z</time>
        <extensions>
          <geotracker:meta c="5.36" s="9.81" />
        </extensions>
      </trkpt>
      <trkpt lat="18.49698896" lon="73.94271308">
        <ele>498</ele>
        <time>2026-09-01T08:28:58Z</time>
        <extensions>
          <geotracker:meta c="5.37" s="9.63" />
        </extensions>
      </trkpt>
      <trkpt lat="18.49704017" lon="73.94264141">
        <ele>499</ele>
        <time>2026-09-01T08:28:59Z</time>
        <extensions>
          <geotracker:meta c="5.35" s="9.09" />
        </extensions>
      </trkpt>
      <trkpt lat="18.49708979" lon="73.94257519">
        <ele>499</ele>
        <time>2026-09-01T08:29:00Z</time>
        <extensions>
          <geotracker:meta c="5.39" s="8.95" />
        </extensions>
      </trkpt>
      <trkpt lat="18.49714" lon="73.94250898">
        <ele>499</ele>
        <time>2026-09-01T08:29:01Z</time>
        <extensions>
          <geotracker:meta c="5.39" s="8.95" />
        </extensions>
      </trkpt>
      <trkpt lat="18.49724251" lon="73.94236783">
        <ele>499</ele>
        <time>2026-09-01T08:29:03Z</time>
        <extensions>
          <geotracker:meta c="5.31" s="9.21" />
        </extensions>
      </trkpt>
      <trkpt lat="18.49728991" lon="73.94229281">
        <ele>499</ele>
        <time>2026-09-01T08:29:04Z</time>
        <extensions>
          <geotracker:meta c="5.32" s="9.53" />
        </extensions>
      </trkpt>
      <trkpt lat="18.49733978" lon="73.94222206">
        <ele>499</ele>
        <time>2026-09-01T08:29:05Z</time>
        <extensions>
          <geotracker:meta c="5.28" s="9.55" />
        </extensions>
      </trkpt>
      <trkpt lat="18.49738492" lon="73.94214646">
        <ele>499</ele>
        <time>2026-09-01T08:29:06Z</time>
        <extensions>
          <geotracker:meta c="5.28" s="9.27" />
        </extensions>
      </trkpt>
      <trkpt lat="18.49742658" lon="73.94207806">
        <ele>499</ele>
        <time>2026-09-01T08:29:07Z</time>
        <extensions>
          <geotracker:meta c="5.31" s="7.7" />
        </extensions>
      </trkpt>
      <trkpt lat="18.49746014" lon="73.94202509">
        <ele>500</ele>
        <time>2026-09-01T08:29:08Z</time>
        <extensions>
          <geotracker:meta c="5.35" s="5.94" />
        </extensions>
      </trkpt>
      <trkpt lat="18.49749019" lon="73.94198217">
        <ele>500</ele>
        <time>2026-09-01T08:29:09Z</time>
        <extensions>
          <geotracker:meta c="5.39" s="4.39" />
        </extensions>
      </trkpt>
      <trkpt lat="18.49751526" lon="73.94195116">
        <ele>500</ele>
        <time>2026-09-01T08:29:10Z</time>
        <extensions>
          <geotracker:meta c="5.43" s="4.36" />
        </extensions>
      </trkpt>
      <trkpt lat="18.49754321" lon="73.94191612">
        <ele>500</ele>
        <time>2026-09-01T08:29:11Z</time>
        <extensions>
          <geotracker:meta c="5.45" s="5.07" />
        </extensions>
      </trkpt>
      <trkpt lat="18.49757875" lon="73.94188402">
        <ele>499</ele>
        <time>2026-09-01T08:29:12Z</time>
        <extensions>
          <geotracker:meta c="5.45" s="5.17" />
        </extensions>
      </trkpt>
      <trkpt lat="18.49761039" lon="73.94185024">
        <ele>499</ele>
        <time>2026-09-01T08:29:13Z</time>
        <extensions>
          <geotracker:meta c="5.44" s="5.02" />
        </extensions>
      </trkpt>
      <trkpt lat="18.49764241" lon="73.9418163">
        <ele>499</ele>
        <time>2026-09-01T08:29:14Z</time>
        <extensions>
          <geotracker:meta c="5.38" s="4.95" />
        </extensions>
      </trkpt>
      <trkpt lat="18.49766814" lon="73.94178151">
        <ele>499</ele>
        <time>2026-09-01T08:29:15Z</time>
        <extensions>
          <geotracker:meta c="5.41" s="4.69" />
        </extensions>
      </trkpt>
      <trkpt lat="18.49769857" lon="73.94174673">
        <ele>499</ele>
        <time>2026-09-01T08:29:16Z</time>
        <extensions>
          <geotracker:meta c="5.4" s="5.12" />
        </extensions>
      </trkpt>
      <trkpt lat="18.49773197" lon="73.94170524">
        <ele>500</ele>
        <time>2026-09-01T08:29:17Z</time>
        <extensions>
          <geotracker:meta c="5.41" s="6.25" />
        </extensions>
      </trkpt>
      <trkpt lat="18.49777074" lon="73.9416588">
        <ele>500</ele>
        <time>2026-09-01T08:29:18Z</time>
        <extensions>
          <geotracker:meta c="5.42" s="7.48" />
        </extensions>
      </trkpt>
      <trkpt lat="18.49781751" lon="73.94159812">
        <ele>500</ele>
        <time>2026-09-01T08:29:19Z</time>
        <extensions>
          <geotracker:meta c="5.42" s="8.43" />
        </extensions>
      </trkpt>
      <trkpt lat="18.49786709" lon="73.94153374">
        <ele>500</ele>
        <time>2026-09-01T08:29:20Z</time>
        <extensions>
          <geotracker:meta c="5.4" s="8.91" />
        </extensions>
      </trkpt>
      <trkpt lat="18.49792153" lon="73.94145881">
        <ele>500</ele>
        <time>2026-09-01T08:29:21Z</time>
        <extensions>
          <geotracker:meta c="5.39" s="10.06" />
        </extensions>
      </trkpt>
      <trkpt lat="18.49804118" lon="73.94131221">
        <ele>500</ele>
        <time>2026-09-01T08:29:23Z</time>
        <extensions>
          <geotracker:meta c="5.48" s="9.01" />
        </extensions>
      </trkpt>
      <trkpt lat="18.49809654" lon="73.94125286">
        <ele>500</ele>
        <time>2026-09-01T08:29:24Z</time>
        <extensions>
          <geotracker:meta c="5.48" s="8.82" />
        </extensions>
      </trkpt>
      <trkpt lat="18.49814692" lon="73.94119922">
        <ele>500</ele>
        <time>2026-09-01T08:29:25Z</time>
        <extensions>
          <geotracker:meta c="5.46" s="7.77" />
        </extensions>
      </trkpt>
      <trkpt lat="18.49819394" lon="73.94114449">
        <ele>501</ele>
        <time>2026-09-01T08:29:26Z</time>
        <extensions>
          <geotracker:meta c="5.45" s="7.98" />
        </extensions>
      </trkpt>
      <trkpt lat="18.49824473" lon="73.94108942">
        <ele>501</ele>
        <time>2026-09-01T08:29:27Z</time>
        <extensions>
          <geotracker:meta c="5.45" s="8.35" />
        </extensions>
      </trkpt>
      <trkpt lat="18.498298" lon="73.94102563">
        <ele>502</ele>
        <time>2026-09-01T08:29:28Z</time>
        <extensions>
          <geotracker:meta c="5.47" s="8.85" />
        </extensions>
      </trkpt>
      <trkpt lat="18.49835651" lon="73.94095908">
        <ele>502</ele>
        <time>2026-09-01T08:29:29Z</time>
        <extensions>
          <geotracker:meta c="5.49" s="9.33" />
        </extensions>
      </trkpt>
      <trkpt lat="18.49841585" lon="73.9408937">
        <ele>502</ele>
        <time>2026-09-01T08:29:30Z</time>
        <extensions>
          <geotracker:meta c="5.46" s="9.29" />
        </extensions>
      </trkpt>
      <trkpt lat="18.49847528" lon="73.94082564">
        <ele>502</ele>
        <time>2026-09-01T08:29:31Z</time>
        <extensions>
          <geotracker:meta c="5.45" s="9.62" />
        </extensions>
      </trkpt>
      <trkpt lat="18.49853441" lon="73.94074936">
        <ele>503</ele>
        <time>2026-09-01T08:29:32Z</time>
        <extensions>
          <geotracker:meta c="5.41" s="10.77" />
        </extensions>
      </trkpt>
      <trkpt lat="18.49860222" lon="73.9406668">
        <ele>503</ele>
        <time>2026-09-01T08:29:33Z</time>
        <extensions>
          <geotracker:meta c="5.42" s="11.32" />
        </extensions>
      </trkpt>
      <trkpt lat="18.49866592" lon="73.9405834">
        <ele>503</ele>
        <time>2026-09-01T08:29:34Z</time>
        <extensions>
          <geotracker:meta c="5.42" s="11.4" />
        </extensions>
      </trkpt>
      <trkpt lat="18.49873558" lon="73.94050227">
        <ele>502</ele>
        <time>2026-09-01T08:29:35Z</time>
        <extensions>
          <geotracker:meta c="5.45" s="11.69" />
        </extensions>
      </trkpt>
      <trkpt lat="18.4988072" lon="73.94041878">
        <ele>502</ele>
        <time>2026-09-01T08:29:36Z</time>
        <extensions>
          <geotracker:meta c="5.45" s="11.44" />
        </extensions>
      </trkpt>
      <trkpt lat="18.49888285" lon="73.9403415">
        <ele>502</ele>
        <time>2026-09-01T08:29:37Z</time>
        <extensions>
          <geotracker:meta c="5.48" s="11.8" />
        </extensions>
      </trkpt>
      <trkpt lat="18.49895087" lon="73.94025743">
        <ele>501</ele>
        <time>2026-09-01T08:29:38Z</time>
        <extensions>
          <geotracker:meta c="5.46" s="11.61" />
        </extensions>
      </trkpt>
      <trkpt lat="18.49901972" lon="73.94017939">
        <ele>501</ele>
        <time>2026-09-01T08:29:39Z</time>
        <extensions>
          <geotracker:meta c="5.43" s="10.9" />
        </extensions>
      </trkpt>
      <trkpt lat="18.49908653" lon="73.94010538">
        <ele>502</ele>
        <time>2026-09-01T08:29:40Z</time>
        <extensions>
          <geotracker:meta c="5.42" s="10.72" />
        </extensions>
      </trkpt>
      <trkpt lat="18.49915073" lon="73.94003338">
        <ele>502</ele>
        <time>2026-09-01T08:29:41Z</time>
        <extensions>
          <geotracker:meta c="5.41" s="10.41" />
        </extensions>
      </trkpt>
      <trkpt lat="18.49920802" lon="73.9399618">
        <ele>502</ele>
        <time>2026-09-01T08:29:42Z</time>
        <extensions>
          <geotracker:meta c="5.41" s="10.07" />
        </extensions>
      </trkpt>
      <trkpt lat="18.49926741" lon="73.93989139">
        <ele>502</ele>
        <time>2026-09-01T08:29:43Z</time>
        <extensions>
          <geotracker:meta c="5.43" s="10" />
        </extensions>
      </trkpt>
      <trkpt lat="18.49932696" lon="73.93981948">
        <ele>503</ele>
        <time>2026-09-01T08:29:44Z</time>
        <extensions>
          <geotracker:meta c="5.43" s="10.08" />
        </extensions>
      </trkpt>
      <trkpt lat="18.49938941" lon="73.93974513">
        <ele>503</ele>
        <time>2026-09-01T08:29:45Z</time>
        <extensions>
          <geotracker:meta c="5.42" s="10.61" />
        </extensions>
      </trkpt>
      <trkpt lat="18.49945537" lon="73.93966475">
        <ele>503</ele>
        <time>2026-09-01T08:29:46Z</time>
        <extensions>
          <geotracker:meta c="5.42" s="11.21" />
        </extensions>
      </trkpt>
      <trkpt lat="18.49952243" lon="73.93958193">
        <ele>504</ele>
        <time>2026-09-01T08:29:47Z</time>
        <extensions>
          <geotracker:meta c="5.42" s="11.85" />
        </extensions>
      </trkpt>
      <trkpt lat="18.49959317" lon="73.9394961">
        <ele>504</ele>
        <time>2026-09-01T08:29:48Z</time>
        <extensions>
          <geotracker:meta c="5.43" s="12.3" />
        </extensions>
      </trkpt>
      <trkpt lat="18.49967045" lon="73.93940667">
        <ele>504</ele>
        <time>2026-09-01T08:29:49Z</time>
        <extensions>
          <geotracker:meta c="5.45" s="12.7" />
        </extensions>
      </trkpt>
      <trkpt lat="18.49974962" lon="73.93931815">
        <ele>504</ele>
        <time>2026-09-01T08:29:50Z</time>
        <extensions>
          <geotracker:meta c="5.46" s="13.05" />
        </extensions>
      </trkpt>
      <trkpt lat="18.49983122" lon="73.93922419">
        <ele>505</ele>
        <time>2026-09-01T08:29:51Z</time>
        <extensions>
          <geotracker:meta c="5.5" s="13.24" />
        </extensions>
      </trkpt>
      <trkpt lat="18.49991265" lon="73.93913493">
        <ele>506</ele>
        <time>2026-09-01T08:29:52Z</time>
        <extensions>
          <geotracker:meta c="5.5" s="13.51" />
        </extensions>
      </trkpt>
      <trkpt lat="18.49999827" lon="73.93904172">
        <ele>506</ele>
        <time>2026-09-01T08:29:53Z</time>
        <extensions>
          <geotracker:meta c="5.5" s="13.58" />
        </extensions>
      </trkpt>
      <trkpt lat="18.50008615" lon="73.93894901">
        <ele>507</ele>
        <time>2026-09-01T08:29:54Z</time>
        <extensions>
          <geotracker:meta c="5.49" s="13.69" />
        </extensions>
      </trkpt>
      <trkpt lat="18.50017123" lon="73.93885665">
        <ele>507</ele>
        <time>2026-09-01T08:29:55Z</time>
        <extensions>
          <geotracker:meta c="5.48" s="13.51" />
        </extensions>
      </trkpt>
      <trkpt lat="18.50025467" lon="73.93876595">
        <ele>508</ele>
        <time>2026-09-01T08:29:56Z</time>
        <extensions>
          <geotracker:meta c="5.49" s="12.31" />
        </extensions>
      </trkpt>
      <trkpt lat="18.50032965" lon="73.93868549">
        <ele>508</ele>
        <time>2026-09-01T08:29:57Z</time>
        <extensions>
          <geotracker:meta c="5.48" s="11.57" />
        </extensions>
      </trkpt>
      <trkpt lat="18.50039804" lon="73.93861307">
        <ele>507</ele>
        <time>2026-09-01T08:29:58Z</time>
        <extensions>
          <geotracker:meta c="5.45" s="10.69" />
        </extensions>
      </trkpt>
      <trkpt lat="18.50045818" lon="73.938543">
        <ele>508</ele>
        <time>2026-09-01T08:29:59Z</time>
        <extensions>
          <geotracker:meta c="5.44" s="9.52" />
        </extensions>
      </trkpt>
      <trkpt lat="18.50051053" lon="73.93848114">
        <ele>508</ele>
        <time>2026-09-01T08:30:00Z</time>
        <extensions>
          <geotracker:meta c="5.42" s="8.21" />
        </extensions>
      </trkpt>
      <trkpt lat="18.50055256" lon="73.93842691">
        <ele>508</ele>
        <time>2026-09-01T08:30:01Z</time>
        <extensions>
          <geotracker:meta c="5.41" s="6.65" />
        </extensions>
      </trkpt>
      <trkpt lat="18.50058706" lon="73.9383829">
        <ele>508</ele>
        <time>2026-09-01T08:30:02Z</time>
        <extensions>
          <geotracker:meta c="5.37" s="5.6" />
        </extensions>
      </trkpt>
      <trkpt lat="18.50061317" lon="73.9383487">
        <ele>508</ele>
        <time>2026-09-01T08:30:03Z</time>
        <extensions>
          <geotracker:meta c="5.34" s="4.33" />
        </extensions>
      </trkpt>
      <trkpt lat="18.50062905" lon="73.93831585">
        <ele>508</ele>
        <time>2026-09-01T08:30:04Z</time>
        <extensions>
          <geotracker:meta c="5.28" s="3.27" />
        </extensions>
      </trkpt>
      <trkpt lat="18.500643" lon="73.93829154">
        <ele>508</ele>
        <time>2026-09-01T08:30:05Z</time>
        <extensions>
          <geotracker:meta c="5.27" s="2.51" />
        </extensions>
      </trkpt>
      <trkpt lat="18.5006557" lon="73.93827075">
        <ele>509</ele>
        <time>2026-09-01T08:30:06Z</time>
        <extensions>
          <geotracker:meta c="5.27" s="2.77" />
        </extensions>
      </trkpt>
      <trkpt lat="18.50067607" lon="73.93824133">
        <ele>509</ele>
        <time>2026-09-01T08:30:07Z</time>
        <extensions>
          <geotracker:meta c="5.35" s="4.42" />
        </extensions>
      </trkpt>
      <trkpt lat="18.5007088" lon="73.93820386">
        <ele>509</ele>
        <time>2026-09-01T08:30:08Z</time>
        <extensions>
          <geotracker:meta c="5.35" s="5.73" />
        </extensions>
      </trkpt>
      <trkpt lat="18.50073948" lon="73.93815391">
        <ele>509</ele>
        <time>2026-09-01T08:30:09Z</time>
        <extensions>
          <geotracker:meta c="5.27" s="6.52" />
        </extensions>
      </trkpt>
      <trkpt lat="18.50076915" lon="73.93810613">
        <ele>509</ele>
        <time>2026-09-01T08:30:10Z</time>
        <extensions>
          <geotracker:meta c="5.2" s="5.59" />
        </extensions>
      </trkpt>
      <trkpt lat="18.50078755" lon="73.93806581">
        <ele>508</ele>
        <time>2026-09-01T08:30:11Z</time>
        <extensions>
          <geotracker:meta c="5.13" s="4.74" />
        </extensions>
      </trkpt>
      <trkpt lat="18.50080612" lon="73.93801779">
        <ele>508</ele>
        <time>2026-09-01T08:30:12Z</time>
        <extensions>
          <geotracker:meta c="4.97" s="5.65" />
        </extensions>
      </trkpt>
      <trkpt lat="18.50082116" lon="73.93795978">
        <ele>508</ele>
        <time>2026-09-01T08:30:13Z</time>
        <extensions>
          <geotracker:meta c="4.89" s="6.98" />
        </extensions>
      </trkpt>
      <trkpt lat="18.50083415" lon="73.93789021">
        <ele>508</ele>
        <time>2026-09-01T08:30:14Z</time>
        <extensions>
          <geotracker:meta c="4.9" s="7.97" />
        </extensions>
      </trkpt>
      <trkpt lat="18.50084585" lon="73.93781193">
        <ele>508</ele>
        <time>2026-09-01T08:30:15Z</time>
        <extensions>
          <geotracker:meta c="4.84" s="8.91" />
        </extensions>
      </trkpt>
      <trkpt lat="18.50085201" lon="73.93772417">
        <ele>508</ele>
        <time>2026-09-01T08:30:16Z</time>
        <extensions>
          <geotracker:meta c="4.82" s="10.15" />
        </extensions>
      </trkpt>
      <trkpt lat="18.50086601" lon="73.93762199">
        <ele>508</ele>
        <time>2026-09-01T08:30:17Z</time>
        <extensions>
          <geotracker:meta c="4.82" s="11.53" />
        </extensions>
      </trkpt>
      <trkpt lat="18.50087648" lon="73.93750951">
        <ele>507</ele>
        <time>2026-09-01T08:30:18Z</time>
        <extensions>
          <geotracker:meta c="4.8" s="12.36" />
        </extensions>
      </trkpt>
      <trkpt lat="18.50088574" lon="73.93738923">
        <ele>507</ele>
        <time>2026-09-01T08:30:19Z</time>
        <extensions>
          <geotracker:meta c="4.8" s="13.02" />
        </extensions>
      </trkpt>
      <trkpt lat="18.50089614" lon="73.9372671">
        <ele>507</ele>
        <time>2026-09-01T08:30:20Z</time>
        <extensions>
          <geotracker:meta c="4.81" s="13.52" />
        </extensions>
      </trkpt>
      <trkpt lat="18.50090967" lon="73.93713836">
        <ele>507</ele>
        <time>2026-09-01T08:30:21Z</time>
        <extensions>
          <geotracker:meta c="4.82" s="14.11" />
        </extensions>
      </trkpt>
      <trkpt lat="18.5009217" lon="73.93700358">
        <ele>506</ele>
        <time>2026-09-01T08:30:22Z</time>
        <extensions>
          <geotracker:meta c="4.82" s="14.59" />
        </extensions>
      </trkpt>
      <trkpt lat="18.50093813" lon="73.93686159">
        <ele>506</ele>
        <time>2026-09-01T08:30:23Z</time>
        <extensions>
          <geotracker:meta c="4.82" s="15.18" />
        </extensions>
      </trkpt>
      <trkpt lat="18.5009528" lon="73.93671784">
        <ele>506</ele>
        <time>2026-09-01T08:30:24Z</time>
        <extensions>
          <geotracker:meta c="4.83" s="15.58" />
        </extensions>
      </trkpt>
      <trkpt lat="18.50096935" lon="73.93657048">
        <ele>506</ele>
        <time>2026-09-01T08:30:25Z</time>
        <extensions>
          <geotracker:meta c="4.83" s="15.6" />
        </extensions>
      </trkpt>
      <trkpt lat="18.50098771" lon="73.93642405">
        <ele>506</ele>
        <time>2026-09-01T08:30:26Z</time>
        <extensions>
          <geotracker:meta c="4.83" s="15.12" />
        </extensions>
      </trkpt>
      <trkpt lat="18.50100623" lon="73.9362829">
        <ele>506</ele>
        <time>2026-09-01T08:30:27Z</time>
        <extensions>
          <geotracker:meta c="4.85" s="14.7" />
        </extensions>
      </trkpt>
      <trkpt lat="18.50102509" lon="73.93614829">
        <ele>506</ele>
        <time>2026-09-01T08:30:28Z</time>
        <extensions>
          <geotracker:meta c="4.88" s="14.47" />
        </extensions>
      </trkpt>
      <trkpt lat="18.50104563" lon="73.93601468">
        <ele>505</ele>
        <time>2026-09-01T08:30:29Z</time>
        <extensions>
          <geotracker:meta c="4.87" s="14.27" />
        </extensions>
      </trkpt>
      <trkpt lat="18.50106432" lon="73.93588308">
        <ele>505</ele>
        <time>2026-09-01T08:30:30Z</time>
        <extensions>
          <geotracker:meta c="4.88" s="14.16" />
        </extensions>
      </trkpt>
      <trkpt lat="18.50108419" lon="73.935753">
        <ele>505</ele>
        <time>2026-09-01T08:30:31Z</time>
        <extensions>
          <geotracker:meta c="4.87" s="13.91" />
        </extensions>
      </trkpt>
      <trkpt lat="18.50110196" lon="73.93562936">
        <ele>504</ele>
        <time>2026-09-01T08:30:32Z</time>
        <extensions>
          <geotracker:meta c="4.84" s="12.64" />
        </extensions>
      </trkpt>
      <trkpt lat="18.50111771" lon="73.93551269">
        <ele>504</ele>
        <time>2026-09-01T08:30:33Z</time>
        <extensions>
          <geotracker:meta c="4.85" s="11.71" />
        </extensions>
      </trkpt>
      <trkpt lat="18.50113477" lon="73.93540691">
        <ele>504</ele>
        <time>2026-09-01T08:30:34Z</time>
        <extensions>
          <geotracker:meta c="4.88" s="10.74" />
        </extensions>
      </trkpt>
      <trkpt lat="18.50115028" lon="73.93531412">
        <ele>503</ele>
        <time>2026-09-01T08:30:35Z</time>
        <extensions>
          <geotracker:meta c="4.86" s="9.21" />
        </extensions>
      </trkpt>
      <trkpt lat="18.5011592" lon="73.93523625">
        <ele>503</ele>
        <time>2026-09-01T08:30:36Z</time>
        <extensions>
          <geotracker:meta c="4.84" s="8.06" />
        </extensions>
      </trkpt>
      <trkpt lat="18.50116671" lon="73.93516484">
        <ele>503</ele>
        <time>2026-09-01T08:30:37Z</time>
        <extensions>
          <geotracker:meta c="4.82" s="7.69" />
        </extensions>
      </trkpt>
      <trkpt lat="18.50117622" lon="73.93509359">
        <ele>503</ele>
        <time>2026-09-01T08:30:38Z</time>
        <extensions>
          <geotracker:meta c="4.86" s="7.76" />
        </extensions>
      </trkpt>
      <trkpt lat="18.5011885" lon="73.93502218">
        <ele>503</ele>
        <time>2026-09-01T08:30:39Z</time>
        <extensions>
          <geotracker:meta c="4.86" s="7.94" />
        </extensions>
      </trkpt>
      <trkpt lat="18.50119948" lon="73.93494339">
        <ele>503</ele>
        <time>2026-09-01T08:30:40Z</time>
        <extensions>
          <geotracker:meta c="4.87" s="8.77" />
        </extensions>
      </trkpt>
      <trkpt lat="18.50120727" lon="73.93486024">
        <ele>503</ele>
        <time>2026-09-01T08:30:41Z</time>
        <extensions>
          <geotracker:meta c="4.85" s="9.6" />
        </extensions>
      </trkpt>
      <trkpt lat="18.50121649" lon="73.9347667">
        <ele>502</ele>
        <time>2026-09-01T08:30:42Z</time>
        <extensions>
          <geotracker:meta c="4.84" s="10.27" />
        </extensions>
      </trkpt>
      <trkpt lat="18.50122982" lon="73.93466813">
        <ele>502</ele>
        <time>2026-09-01T08:30:43Z</time>
        <extensions>
          <geotracker:meta c="4.85" s="10.67" />
        </extensions>
      </trkpt>
      <trkpt lat="18.5012455" lon="73.93456553">
        <ele>502</ele>
        <time>2026-09-01T08:30:44Z</time>
        <extensions>
          <geotracker:meta c="4.86" s="11.08" />
        </extensions>
      </trkpt>
      <trkpt lat="18.50126029" lon="73.93446227">
        <ele>503</ele>
        <time>2026-09-01T08:30:45Z</time>
        <extensions>
          <geotracker:meta c="4.87" s="11.28" />
        </extensions>
      </trkpt>
      <trkpt lat="18.50127668" lon="73.93435758">
        <ele>502</ele>
        <time>2026-09-01T08:30:46Z</time>
        <extensions>
          <geotracker:meta c="4.87" s="10.61" />
        </extensions>
      </trkpt>
      <trkpt lat="18.50129042" lon="73.934259">
        <ele>502</ele>
        <time>2026-09-01T08:30:47Z</time>
        <extensions>
          <geotracker:meta c="4.85" s="10.36" />
        </extensions>
      </trkpt>
      <trkpt lat="18.50130346" lon="73.93415918">
        <ele>502</ele>
        <time>2026-09-01T08:30:48Z</time>
        <extensions>
          <geotracker:meta c="4.84" s="10.6" />
        </extensions>
      </trkpt>
      <trkpt lat="18.50131528" lon="73.93405784">
        <ele>502</ele>
        <time>2026-09-01T08:30:49Z</time>
        <extensions>
          <geotracker:meta c="4.86" s="10.77" />
        </extensions>
      </trkpt>
      <trkpt lat="18.50132902" lon="73.933957">
        <ele>502</ele>
        <time>2026-09-01T08:30:50Z</time>
        <extensions>
          <geotracker:meta c="4.87" s="10.81" />
        </extensions>
      </trkpt>
      <trkpt lat="18.50134155" lon="73.93385399">
        <ele>502</ele>
        <time>2026-09-01T08:30:51Z</time>
        <extensions>
          <geotracker:meta c="4.86" s="10.78" />
        </extensions>
      </trkpt>
      <trkpt lat="18.50135911" lon="73.93375777">
        <ele>502</ele>
        <time>2026-09-01T08:30:52Z</time>
        <extensions>
          <geotracker:meta c="4.86" s="10.25" />
        </extensions>
      </trkpt>
      <trkpt lat="18.50137336" lon="73.93366381">
        <ele>502</ele>
        <time>2026-09-01T08:30:53Z</time>
        <extensions>
          <geotracker:meta c="4.86" s="9.65" />
        </extensions>
      </trkpt>
      <trkpt lat="18.50138937" lon="73.93357622">
        <ele>502</ele>
        <time>2026-09-01T08:30:54Z</time>
        <extensions>
          <geotracker:meta c="4.87" s="9.31" />
        </extensions>
      </trkpt>
      <trkpt lat="18.50139922" lon="73.93348921">
        <ele>501</ele>
        <time>2026-09-01T08:30:55Z</time>
        <extensions>
          <geotracker:meta c="4.86" s="9.27" />
        </extensions>
      </trkpt>
      <trkpt lat="18.50141175" lon="73.93340045">
        <ele>500</ele>
        <time>2026-09-01T08:30:56Z</time>
        <extensions>
          <geotracker:meta c="4.85" s="9.7" />
        </extensions>
      </trkpt>
      <trkpt lat="18.50142374" lon="73.93330783">
        <ele>500</ele>
        <time>2026-09-01T08:30:57Z</time>
        <extensions>
          <geotracker:meta c="4.85" s="10" />
        </extensions>
      </trkpt>
      <trkpt lat="18.5014348" lon="73.93321328">
        <ele>500</ele>
        <time>2026-09-01T08:30:58Z</time>
        <extensions>
          <geotracker:meta c="4.85" s="10.23" />
        </extensions>
      </trkpt>
      <trkpt lat="18.50144549" lon="73.93311613">
        <ele>499</ele>
        <time>2026-09-01T08:30:59Z</time>
        <extensions>
          <geotracker:meta c="4.82" s="10.39" />
        </extensions>
      </trkpt>
      <trkpt lat="18.50145479" lon="73.93302058">
        <ele>499</ele>
        <time>2026-09-01T08:31:00Z</time>
        <extensions>
          <geotracker:meta c="4.79" s="9.89" />
        </extensions>
      </trkpt>
      <trkpt lat="18.50146292" lon="73.93292486">
        <ele>499</ele>
        <time>2026-09-01T08:31:01Z</time>
        <extensions>
          <geotracker:meta c="4.79" s="10.02" />
        </extensions>
      </trkpt>
      <trkpt lat="18.50146996" lon="73.93282847">
        <ele>499</ele>
        <time>2026-09-01T08:31:02Z</time>
        <extensions>
          <geotracker:meta c="4.8" s="10.12" />
        </extensions>
      </trkpt>
      <trkpt lat="18.50147541" lon="73.93273534">
        <ele>499</ele>
        <time>2026-09-01T08:31:03Z</time>
        <extensions>
          <geotracker:meta c="4.78" s="9.73" />
        </extensions>
      </trkpt>
      <trkpt lat="18.50148208" lon="73.93264406">
        <ele>499</ele>
        <time>2026-09-01T08:31:04Z</time>
        <extensions>
          <geotracker:meta c="4.77" s="9.32" />
        </extensions>
      </trkpt>
      <trkpt lat="18.50148912" lon="73.93255614">
        <ele>499</ele>
        <time>2026-09-01T08:31:05Z</time>
        <extensions>
          <geotracker:meta c="4.78" s="9.52" />
        </extensions>
      </trkpt>
      <trkpt lat="18.50149511" lon="73.93246142">
        <ele>498</ele>
        <time>2026-09-01T08:31:06Z</time>
        <extensions>
          <geotracker:meta c="4.78" s="10.17" />
        </extensions>
      </trkpt>
      <trkpt lat="18.50150014" lon="73.93235975">
        <ele>498</ele>
        <time>2026-09-01T08:31:07Z</time>
        <extensions>
          <geotracker:meta c="4.77" s="10.8" />
        </extensions>
      </trkpt>
      <trkpt lat="18.50150701" lon="73.93225389">
        <ele>498</ele>
        <time>2026-09-01T08:31:08Z</time>
        <extensions>
          <geotracker:meta c="4.76" s="11.35" />
        </extensions>
      </trkpt>
      <trkpt lat="18.50151066" lon="73.93214207">
        <ele>498</ele>
        <time>2026-09-01T08:31:09Z</time>
        <extensions>
          <geotracker:meta c="4.76" s="11.84" />
        </extensions>
      </trkpt>
      <trkpt lat="18.50151632" lon="73.93202992">
        <ele>498</ele>
        <time>2026-09-01T08:31:10Z</time>
        <extensions>
          <geotracker:meta c="4.76" s="12.13" />
        </extensions>
      </trkpt>
      <trkpt lat="18.50152222" lon="73.93192012">
        <ele>498</ele>
        <time>2026-09-01T08:31:11Z</time>
        <extensions>
          <geotracker:meta c="4.75" s="11.76" />
        </extensions>
      </trkpt>
      <trkpt lat="18.50152285" lon="73.93181493">
        <ele>498</ele>
        <time>2026-09-01T08:31:12Z</time>
        <extensions>
          <geotracker:meta c="4.76" s="11.09" />
        </extensions>
      </trkpt>
      <trkpt lat="18.501527" lon="73.93171526">
        <ele>498</ele>
        <time>2026-09-01T08:31:13Z</time>
        <extensions>
          <geotracker:meta c="4.76" s="10.5" />
        </extensions>
      </trkpt>
      <trkpt lat="18.50153379" lon="73.93161996">
        <ele>498</ele>
        <time>2026-09-01T08:31:14Z</time>
        <extensions>
          <geotracker:meta c="4.77" s="9.82" />
        </extensions>
      </trkpt>
      <trkpt lat="18.50153945" lon="73.93152944">
        <ele>498</ele>
        <time>2026-09-01T08:31:15Z</time>
        <extensions>
          <geotracker:meta c="4.78" s="8.95" />
        </extensions>
      </trkpt>
      <trkpt lat="18.50155072" lon="73.93145149">
        <ele>498</ele>
        <time>2026-09-01T08:31:16Z</time>
        <extensions>
          <geotracker:meta c="4.8" s="7.73" />
        </extensions>
      </trkpt>
      <trkpt lat="18.50155445" lon="73.93138284">
        <ele>499</ele>
        <time>2026-09-01T08:31:17Z</time>
        <extensions>
          <geotracker:meta c="4.77" s="7.39" />
        </extensions>
      </trkpt>
      <trkpt lat="18.50155869" lon="73.93131109">
        <ele>499</ele>
        <time>2026-09-01T08:31:18Z</time>
        <extensions>
          <geotracker:meta c="4.76" s="7.37" />
        </extensions>
      </trkpt>
      <trkpt lat="18.50156849" lon="73.93124504">
        <ele>499</ele>
        <time>2026-09-01T08:31:19Z</time>
        <extensions>
          <geotracker:meta c="4.84" s="5.84" />
        </extensions>
      </trkpt>
      <trkpt lat="18.50157587" lon="73.93118486">
        <ele>498</ele>
        <time>2026-09-01T08:31:20Z</time>
        <extensions>
          <geotracker:meta c="4.88" s="6.1" />
        </extensions>
      </trkpt>
      <trkpt lat="18.50158936" lon="73.93112266">
        <ele>498</ele>
        <time>2026-09-01T08:31:21Z</time>
        <extensions>
          <geotracker:meta c="4.88" s="6.34" />
        </extensions>
      </trkpt>
      <trkpt lat="18.50159904" lon="73.93106047">
        <ele>497</ele>
        <time>2026-09-01T08:31:22Z</time>
        <extensions>
          <geotracker:meta c="4.87" s="6.6" />
        </extensions>
      </trkpt>
      <trkpt lat="18.50161191" lon="73.93099098">
        <ele>497</ele>
        <time>2026-09-01T08:31:23Z</time>
        <extensions>
          <geotracker:meta c="4.82" s="7.27" />
        </extensions>
      </trkpt>
      <trkpt lat="18.50162008" lon="73.93091915">
        <ele>497</ele>
        <time>2026-09-01T08:31:24Z</time>
        <extensions>
          <geotracker:meta c="4.83" s="7.46" />
        </extensions>
      </trkpt>
      <trkpt lat="18.50162595" lon="73.93083709">
        <ele>497</ele>
        <time>2026-09-01T08:31:25Z</time>
        <extensions>
          <geotracker:meta c="4.83" s="9.22" />
        </extensions>
      </trkpt>
      <trkpt lat="18.501634" lon="73.93074665">
        <ele>497</ele>
        <time>2026-09-01T08:31:26Z</time>
        <extensions>
          <geotracker:meta c="4.82" s="9.37" />
        </extensions>
      </trkpt>
      <trkpt lat="18.50164334" lon="73.93064825">
        <ele>497</ele>
        <time>2026-09-01T08:31:27Z</time>
        <extensions>
          <geotracker:meta c="4.81" s="10.21" />
        </extensions>
      </trkpt>
      <trkpt lat="18.50164925" lon="73.93054808">
        <ele>497</ele>
        <time>2026-09-01T08:31:28Z</time>
        <extensions>
          <geotracker:meta c="4.81" s="10.51" />
        </extensions>
      </trkpt>
      <trkpt lat="18.50166065" lon="73.93044767">
        <ele>498</ele>
        <time>2026-09-01T08:31:29Z</time>
        <extensions>
          <geotracker:meta c="4.86" s="10.85" />
        </extensions>
      </trkpt>
      <trkpt lat="18.50167528" lon="73.93034801">
        <ele>498</ele>
        <time>2026-09-01T08:31:30Z</time>
        <extensions>
          <geotracker:meta c="4.87" s="10.99" />
        </extensions>
      </trkpt>
      <trkpt lat="18.50168915" lon="73.93024818">
        <ele>498</ele>
        <time>2026-09-01T08:31:31Z</time>
        <extensions>
          <geotracker:meta c="4.87" s="11.08" />
        </extensions>
      </trkpt>
      <trkpt lat="18.50170696" lon="73.93014659">
        <ele>498</ele>
        <time>2026-09-01T08:31:32Z</time>
        <extensions>
          <geotracker:meta c="4.88" s="10.73" />
        </extensions>
      </trkpt>
      <trkpt lat="18.50172557" lon="73.93004928">
        <ele>498</ele>
        <time>2026-09-01T08:31:33Z</time>
        <extensions>
          <geotracker:meta c="4.87" s="9.97" />
        </extensions>
      </trkpt>
      <trkpt lat="18.50173852" lon="73.92995842">
        <ele>498</ele>
        <time>2026-09-01T08:31:34Z</time>
        <extensions>
          <geotracker:meta c="4.86" s="9.47" />
        </extensions>
      </trkpt>
      <trkpt lat="18.50175088" lon="73.92987242">
        <ele>498</ele>
        <time>2026-09-01T08:31:35Z</time>
        <extensions>
          <geotracker:meta c="4.87" s="8.99" />
        </extensions>
      </trkpt>
      <trkpt lat="18.50176425" lon="73.92978902">
        <ele>498</ele>
        <time>2026-09-01T08:31:36Z</time>
        <extensions>
          <geotracker:meta c="4.85" s="8.6" />
        </extensions>
      </trkpt>
      <trkpt lat="18.50178131" lon="73.92970939">
        <ele>499</ele>
        <time>2026-09-01T08:31:37Z</time>
        <extensions>
          <geotracker:meta c="4.9" s="8.15" />
        </extensions>
      </trkpt>
      <trkpt lat="18.50179535" lon="73.92963949">
        <ele>499</ele>
        <time>2026-09-01T08:31:38Z</time>
        <extensions>
          <geotracker:meta c="4.95" s="7.54" />
        </extensions>
      </trkpt>
      <trkpt lat="18.5018153" lon="73.92957939">
        <ele>499</ele>
        <time>2026-09-01T08:31:39Z</time>
        <extensions>
          <geotracker:meta c="5.05" s="6" />
        </extensions>
      </trkpt>
      <trkpt lat="18.50183114" lon="73.92952683">
        <ele>500</ele>
        <time>2026-09-01T08:31:40Z</time>
        <extensions>
          <geotracker:meta c="4.98" s="5.97" />
        </extensions>
      </trkpt>
      <trkpt lat="18.50184648" lon="73.92947176">
        <ele>500</ele>
        <time>2026-09-01T08:31:41Z</time>
        <extensions>
          <geotracker:meta c="4.98" s="6.29" />
        </extensions>
      </trkpt>
      <trkpt lat="18.50185737" lon="73.92941359">
        <ele>500</ele>
        <time>2026-09-01T08:31:42Z</time>
        <extensions>
          <geotracker:meta c="4.98" s="6.47" />
        </extensions>
      </trkpt>
      <trkpt lat="18.50187175" lon="73.92934981">
        <ele>500</ele>
        <time>2026-09-01T08:31:43Z</time>
        <extensions>
          <geotracker:meta c="4.94" s="6.88" />
        </extensions>
      </trkpt>
      <trkpt lat="18.5018847" lon="73.9292856">
        <ele>500</ele>
        <time>2026-09-01T08:31:44Z</time>
        <extensions>
          <geotracker:meta c="4.94" s="6.87" />
        </extensions>
      </trkpt>
      <trkpt lat="18.50189719" lon="73.92921763">
        <ele>500</ele>
        <time>2026-09-01T08:31:45Z</time>
        <extensions>
          <geotracker:meta c="4.92" s="7.41" />
        </extensions>
      </trkpt>
      <trkpt lat="18.50191404" lon="73.92914965">
        <ele>501</ele>
        <time>2026-09-01T08:31:46Z</time>
        <extensions>
          <geotracker:meta c="4.95" s="7.41" />
        </extensions>
      </trkpt>
      <trkpt lat="18.50193181" lon="73.92908217">
        <ele>501</ele>
        <time>2026-09-01T08:31:47Z</time>
        <extensions>
          <geotracker:meta c="4.94" s="7.22" />
        </extensions>
      </trkpt>
      <trkpt lat="18.50195071" lon="73.92901906">
        <ele>501</ele>
        <time>2026-09-01T08:31:48Z</time>
        <extensions>
          <geotracker:meta c="4.99" s="6.81" />
        </extensions>
      </trkpt>
      <trkpt lat="18.50197179" lon="73.92895862">
        <ele>501</ele>
        <time>2026-09-01T08:31:49Z</time>
        <extensions>
          <geotracker:meta c="5.02" s="6.45" />
        </extensions>
      </trkpt>
      <trkpt lat="18.5019888" lon="73.9288976">
        <ele>501</ele>
        <time>2026-09-01T08:31:50Z</time>
        <extensions>
          <geotracker:meta c="4.99" s="6.78" />
        </extensions>
      </trkpt>
      <trkpt lat="18.50200599" lon="73.9288329">
        <ele>501</ele>
        <time>2026-09-01T08:31:51Z</time>
        <extensions>
          <geotracker:meta c="4.98" s="6.82" />
        </extensions>
      </trkpt>
      <trkpt lat="18.50202166" lon="73.92877665">
        <ele>501</ele>
        <time>2026-09-01T08:31:52Z</time>
        <extensions>
          <geotracker:meta c="4.97" s="5.71" />
        </extensions>
      </trkpt>
      <trkpt lat="18.50203562" lon="73.92872578">
        <ele>501</ele>
        <time>2026-09-01T08:31:53Z</time>
        <extensions>
          <geotracker:meta c="4.96" s="5.45" />
        </extensions>
      </trkpt>
      <trkpt lat="18.50204811" lon="73.92867356">
        <ele>501</ele>
        <time>2026-09-01T08:31:54Z</time>
        <extensions>
          <geotracker:meta c="4.97" s="5.64" />
        </extensions>
      </trkpt>
      <trkpt lat="18.50206378" lon="73.92861941">
        <ele>501</ele>
        <time>2026-09-01T08:31:55Z</time>
        <extensions>
          <geotracker:meta c="5.02" s="6.05" />
        </extensions>
      </trkpt>
      <trkpt lat="18.50207732" lon="73.92856526">
        <ele>502</ele>
        <time>2026-09-01T08:31:56Z</time>
        <extensions>
          <geotracker:meta c="4.99" s="6.21" />
        </extensions>
      </trkpt>
      <trkpt lat="18.50209605" lon="73.92850491">
        <ele>502</ele>
        <time>2026-09-01T08:31:57Z</time>
        <extensions>
          <geotracker:meta c="4.99" s="6.42" />
        </extensions>
      </trkpt>
      <trkpt lat="18.50211302" lon="73.92844406">
        <ele>503</ele>
        <time>2026-09-01T08:31:58Z</time>
        <extensions>
          <geotracker:meta c="5" s="6.63" />
        </extensions>
      </trkpt>
      <trkpt lat="18.50212614" lon="73.92838446">
        <ele>503</ele>
        <time>2026-09-01T08:31:59Z</time>
        <extensions>
          <geotracker:meta c="4.99" s="5.84" />
        </extensions>
      </trkpt>
      <trkpt lat="18.50213637" lon="73.92832763">
        <ele>503</ele>
        <time>2026-09-01T08:32:00Z</time>
        <extensions>
          <geotracker:meta c="4.89" s="5.77" />
        </extensions>
      </trkpt>
      <trkpt lat="18.50214529" lon="73.92827801">
        <ele>503</ele>
        <time>2026-09-01T08:32:01Z</time>
        <extensions>
          <geotracker:meta c="4.92" s="4.83" />
        </extensions>
      </trkpt>
      <trkpt lat="18.50215661" lon="73.92823686">
        <ele>503</ele>
        <time>2026-09-01T08:32:02Z</time>
        <extensions>
          <geotracker:meta c="4.94" s="4.26" />
        </extensions>
      </trkpt>
      <trkpt lat="18.50216503" lon="73.92820157">
        <ele>503</ele>
        <time>2026-09-01T08:32:03Z</time>
        <extensions>
          <geotracker:meta c="4.96" s="3.99" />
        </extensions>
      </trkpt>
      <trkpt lat="18.50217283" lon="73.92817098">
        <ele>503</ele>
        <time>2026-09-01T08:32:04Z</time>
        <extensions>
          <geotracker:meta c="4.99" s="2.87" />
        </extensions>
      </trkpt>
      <trkpt lat="18.50218167" lon="73.92814642">
        <ele>504</ele>
        <time>2026-09-01T08:32:05Z</time>
        <extensions>
          <geotracker:meta c="5.04" s="2.56" />
        </extensions>
      </trkpt>
      <trkpt lat="18.50218976" lon="73.92812538">
        <ele>504</ele>
        <time>2026-09-01T08:32:06Z</time>
        <extensions>
          <geotracker:meta c="4.99" s="2.16" />
        </extensions>
      </trkpt>
      <trkpt lat="18.50219449" lon="73.92811147">
        <ele>505</ele>
        <time>2026-09-01T08:32:07Z</time>
        <extensions>
          <geotracker:meta c="5.04" s="1.13" />
        </extensions>
      </trkpt>
      <trkpt lat="18.50220074" lon="73.92810535">
        <ele>504</ele>
        <time>2026-09-01T08:32:08Z</time>
        <extensions>
          <geotracker:meta c="5.13" s="0.8" />
        </extensions>
      </trkpt>
      <trkpt lat="18.50220426" lon="73.92809839">
        <ele>504</ele>
        <time>2026-09-01T08:32:09Z</time>
        <extensions>
          <geotracker:meta c="5.22" s="0.96" />
        </extensions>
      </trkpt>
      <trkpt lat="18.50220669" lon="73.92808749">
        <ele>504</ele>
        <time>2026-09-01T08:32:10Z</time>
        <extensions>
          <geotracker:meta c="5.11" s="1.13" />
        </extensions>
      </trkpt>
      <trkpt lat="18.5022108" lon="73.92807316">
        <ele>504</ele>
        <time>2026-09-01T08:32:11Z</time>
        <extensions>
          <geotracker:meta c="4.87" s="1.48" />
        </extensions>
      </trkpt>
      <trkpt lat="18.50221545" lon="73.92805355">
        <ele>504</ele>
        <time>2026-09-01T08:32:12Z</time>
        <extensions>
          <geotracker:meta c="4.98" s="2" />
        </extensions>
      </trkpt>
      <trkpt lat="18.50221914" lon="73.92803125">
        <ele>505</ele>
        <time>2026-09-01T08:32:13Z</time>
        <extensions>
          <geotracker:meta c="5.03" s="1.68" />
        </extensions>
      </trkpt>
      <trkpt lat="18.50222609" lon="73.92802153">
        <ele>505</ele>
        <time>2026-09-01T08:32:14Z</time>
        <extensions>
          <geotracker:meta c="5.05" s="0.16" />
        </extensions>
      </trkpt>
      <trkpt lat="18.50223276" lon="73.92798825">
        <ele>510</ele>
        <time>2026-09-01T08:33:06Z</time>
        <extensions>
          <geotracker:meta c="5.05" s="0.01" />
        </extensions>
      </trkpt>
      <trkpt lat="18.50223712" lon="73.92798012">
        <ele>510</ele>
        <time>2026-09-01T08:33:09Z</time>
        <extensions>
          <geotracker:meta c="5.05" s="1.4" />
        </extensions>
      </trkpt>
      <trkpt lat="18.50224722" lon="73.92796252">
        <ele>511</ele>
        <time>2026-09-01T08:33:10Z</time>
        <extensions>
          <geotracker:meta c="5.11" s="2.7" />
        </extensions>
      </trkpt>
      <trkpt lat="18.50225958" lon="73.92792958">
        <ele>511</ele>
        <time>2026-09-01T08:33:11Z</time>
        <extensions>
          <geotracker:meta c="5.02" s="4.02" />
        </extensions>
      </trkpt>
      <trkpt lat="18.50226465" lon="73.927887">
        <ele>509</ele>
        <time>2026-09-01T08:33:12Z</time>
        <extensions>
          <geotracker:meta c="4.9" s="4.04" />
        </extensions>
      </trkpt>
      <trkpt lat="18.50226826" lon="73.92784467">
        <ele>508</ele>
        <time>2026-09-01T08:33:13Z</time>
        <extensions>
          <geotracker:meta c="4.86" s="4.76" />
        </extensions>
      </trkpt>
      <trkpt lat="18.5022794" lon="73.9277953">
        <ele>507</ele>
        <time>2026-09-01T08:33:14Z</time>
        <extensions>
          <geotracker:meta c="4.94" s="5.54" />
        </extensions>
      </trkpt>
      <trkpt lat="18.50229365" lon="73.92774124">
        <ele>506</ele>
        <time>2026-09-01T08:33:15Z</time>
        <extensions>
          <geotracker:meta c="5.09" s="6.17" />
        </extensions>
      </trkpt>
      <trkpt lat="18.50231763" lon="73.92768516">
        <ele>506</ele>
        <time>2026-09-01T08:33:16Z</time>
        <extensions>
          <geotracker:meta c="5.21" s="6.56" />
        </extensions>
      </trkpt>
      <trkpt lat="18.50234474" lon="73.92763093">
        <ele>505</ele>
        <time>2026-09-01T08:33:17Z</time>
        <extensions>
          <geotracker:meta c="5.31" s="6.66" />
        </extensions>
      </trkpt>
      <trkpt lat="18.50238258" lon="73.9275819">
        <ele>505</ele>
        <time>2026-09-01T08:33:18Z</time>
        <extensions>
          <geotracker:meta c="5.46" s="6.81" />
        </extensions>
      </trkpt>
      <trkpt lat="18.50242324" lon="73.92754166">
        <ele>505</ele>
        <time>2026-09-01T08:33:19Z</time>
        <extensions>
          <geotracker:meta c="5.62" s="6.54" />
        </extensions>
      </trkpt>
      <trkpt lat="18.50247043" lon="73.92750772">
        <ele>505</ele>
        <time>2026-09-01T08:33:20Z</time>
        <extensions>
          <geotracker:meta c="5.76" s="6.63" />
        </extensions>
      </trkpt>
      <trkpt lat="18.50252223" lon="73.9274845">
        <ele>505</ele>
        <time>2026-09-01T08:33:21Z</time>
        <extensions>
          <geotracker:meta c="5.92" s="5.8" />
        </extensions>
      </trkpt>
      <trkpt lat="18.50257382" lon="73.92746908">
        <ele>505</ele>
        <time>2026-09-01T08:33:22Z</time>
        <extensions>
          <geotracker:meta c="6.2" s="5.71" />
        </extensions>
      </trkpt>
      <trkpt lat="18.50262356" lon="73.92747318">
        <ele>505</ele>
        <time>2026-09-01T08:33:23Z</time>
        <extensions>
          <geotracker:meta c="0.09" s="6.28" />
        </extensions>
      </trkpt>
      <trkpt lat="18.50268299" lon="73.92747863">
        <ele>505</ele>
        <time>2026-09-01T08:33:24Z</time>
        <extensions>
          <geotracker:meta c="0.15" s="6.68" />
        </extensions>
      </trkpt>
      <trkpt lat="18.50274351" lon="73.92748743">
        <ele>505</ele>
        <time>2026-09-01T08:33:25Z</time>
        <extensions>
          <geotracker:meta c="0.13" s="7.28" />
        </extensions>
      </trkpt>
      <trkpt lat="18.50281375" lon="73.92749087">
        <ele>505</ele>
        <time>2026-09-01T08:33:26Z</time>
        <extensions>
          <geotracker:meta c="0.1" s="7.89" />
        </extensions>
      </trkpt>
      <trkpt lat="18.50288906" lon="73.92749741">
        <ele>505</ele>
        <time>2026-09-01T08:33:27Z</time>
        <extensions>
          <geotracker:meta c="0.11" s="8.48" />
        </extensions>
      </trkpt>
      <trkpt lat="18.50296873" lon="73.92750336">
        <ele>505</ele>
        <time>2026-09-01T08:33:28Z</time>
        <extensions>
          <geotracker:meta c="0.1" s="8.98" />
        </extensions>
      </trkpt>
      <trkpt lat="18.50305121" lon="73.92751526">
        <ele>504</ele>
        <time>2026-09-01T08:33:29Z</time>
        <extensions>
          <geotracker:meta c="0.09" s="9.56" />
        </extensions>
      </trkpt>
      <trkpt lat="18.50313834" lon="73.92752272">
        <ele>504</ele>
        <time>2026-09-01T08:33:30Z</time>
        <extensions>
          <geotracker:meta c="0.09" s="9.99" />
        </extensions>
      </trkpt>
      <trkpt lat="18.50322953" lon="73.92753211">
        <ele>504</ele>
        <time>2026-09-01T08:33:31Z</time>
        <extensions>
          <geotracker:meta c="0.08" s="10.36" />
        </extensions>
      </trkpt>
      <trkpt lat="18.50332446" lon="73.92753596">
        <ele>503</ele>
        <time>2026-09-01T08:33:32Z</time>
        <extensions>
          <geotracker:meta c="0.07" s="10.52" />
        </extensions>
      </trkpt>
      <trkpt lat="18.50342005" lon="73.9275472">
        <ele>503</ele>
        <time>2026-09-01T08:33:33Z</time>
        <extensions>
          <geotracker:meta c="0.09" s="10.69" />
        </extensions>
      </trkpt>
      <trkpt lat="18.50351603" lon="73.92755692">
        <ele>503</ele>
        <time>2026-09-01T08:33:34Z</time>
        <extensions>
          <geotracker:meta c="0.09" s="10.87" />
        </extensions>
      </trkpt>
      <trkpt lat="18.50361028" lon="73.92756463">
        <ele>503</ele>
        <time>2026-09-01T08:33:35Z</time>
        <extensions>
          <geotracker:meta c="0.09" s="10.84" />
        </extensions>
      </trkpt>
      <trkpt lat="18.50370542" lon="73.92757704">
        <ele>503</ele>
        <time>2026-09-01T08:33:36Z</time>
        <extensions>
          <geotracker:meta c="0.08" s="10.47" />
        </extensions>
      </trkpt>
      <trkpt lat="18.50379359" lon="73.9275855">
        <ele>503</ele>
        <time>2026-09-01T08:33:37Z</time>
        <extensions>
          <geotracker:meta c="0.05" s="9.99" />
        </extensions>
      </trkpt>
      <trkpt lat="18.50388089" lon="73.92759179">
        <ele>503</ele>
        <time>2026-09-01T08:33:38Z</time>
        <extensions>
          <geotracker:meta c="0.05" s="9.88" />
        </extensions>
      </trkpt>
      <trkpt lat="18.50397632" lon="73.92759304">
        <ele>503</ele>
        <time>2026-09-01T08:33:39Z</time>
        <extensions>
          <geotracker:meta c="0.05" s="10.34" />
        </extensions>
      </trkpt>
      <trkpt lat="18.50407183" lon="73.92759489">
        <ele>502</ele>
        <time>2026-09-01T08:33:40Z</time>
        <extensions>
          <geotracker:meta c="0.05" s="10.78" />
        </extensions>
      </trkpt>
      <trkpt lat="18.50417124" lon="73.92759958">
        <ele>502</ele>
        <time>2026-09-01T08:33:41Z</time>
        <extensions>
          <geotracker:meta c="0.07" s="11.17" />
        </extensions>
      </trkpt>
      <trkpt lat="18.50427761" lon="73.92761014">
        <ele>501</ele>
        <time>2026-09-01T08:33:42Z</time>
        <extensions>
          <geotracker:meta c="0.08" s="11.46" />
        </extensions>
      </trkpt>
      <trkpt lat="18.50438154" lon="73.92762171">
        <ele>501</ele>
        <time>2026-09-01T08:33:43Z</time>
        <extensions>
          <geotracker:meta c="0.08" s="11.72" />
        </extensions>
      </trkpt>
      <trkpt lat="18.50448334" lon="73.92763319">
        <ele>500</ele>
        <time>2026-09-01T08:33:44Z</time>
        <extensions>
          <geotracker:meta c="0.08" s="11.17" />
        </extensions>
      </trkpt>
      <trkpt lat="18.50458216" lon="73.92764174">
        <ele>500</ele>
        <time>2026-09-01T08:33:45Z</time>
        <extensions>
          <geotracker:meta c="0.06" s="10.53" />
        </extensions>
      </trkpt>
      <trkpt lat="18.50467705" lon="73.92764736">
        <ele>500</ele>
        <time>2026-09-01T08:33:46Z</time>
        <extensions>
          <geotracker:meta c="0.05" s="10.16" />
        </extensions>
      </trkpt>
      <trkpt lat="18.50476468" lon="73.92764878">
        <ele>499</ele>
        <time>2026-09-01T08:33:47Z</time>
        <extensions>
          <geotracker:meta c="0.06" s="9.65" />
        </extensions>
      </trkpt>
      <trkpt lat="18.50485122" lon="73.92765289">
        <ele>499</ele>
        <time>2026-09-01T08:33:48Z</time>
        <extensions>
          <geotracker:meta c="0.08" s="8.86" />
        </extensions>
      </trkpt>
      <trkpt lat="18.50492817" lon="73.92765809">
        <ele>499</ele>
        <time>2026-09-01T08:33:49Z</time>
        <extensions>
          <geotracker:meta c="0.08" s="7.97" />
        </extensions>
      </trkpt>
      <trkpt lat="18.50499464" lon="73.9276653">
        <ele>499</ele>
        <time>2026-09-01T08:33:50Z</time>
        <extensions>
          <geotracker:meta c="0.06" s="6.83" />
        </extensions>
      </trkpt>
      <trkpt lat="18.50505122" lon="73.92767033">
        <ele>498</ele>
        <time>2026-09-01T08:33:51Z</time>
        <extensions>
          <geotracker:meta c="0.07" s="5.19" />
        </extensions>
      </trkpt>
      <trkpt lat="18.50509694" lon="73.92767594">
        <ele>498</ele>
        <time>2026-09-01T08:33:52Z</time>
        <extensions>
          <geotracker:meta c="0.08" s="4.93" />
        </extensions>
      </trkpt>
      <trkpt lat="18.50514136" lon="73.92768214">
        <ele>498</ele>
        <time>2026-09-01T08:33:53Z</time>
        <extensions>
          <geotracker:meta c="0.04" s="4.87" />
        </extensions>
      </trkpt>
      <trkpt lat="18.5051873" lon="73.9276736">
        <ele>498</ele>
        <time>2026-09-01T08:33:54Z</time>
        <extensions>
          <geotracker:meta c="6.25" s="5.96" />
        </extensions>
      </trkpt>
      <trkpt lat="18.50524609" lon="73.92767477">
        <ele>497</ele>
        <time>2026-09-01T08:33:55Z</time>
        <extensions>
          <geotracker:meta c="0.02" s="7.06" />
        </extensions>
      </trkpt>
      <trkpt lat="18.50531193" lon="73.92767301">
        <ele>497</ele>
        <time>2026-09-01T08:33:56Z</time>
        <extensions>
          <geotracker:meta c="0.04" s="7.55" />
        </extensions>
      </trkpt>
      <trkpt lat="18.50537928" lon="73.92767921">
        <ele>497</ele>
        <time>2026-09-01T08:33:57Z</time>
        <extensions>
          <geotracker:meta c="0.05" s="6.65" />
        </extensions>
      </trkpt>
      <trkpt lat="18.50543125" lon="73.9276834">
        <ele>497</ele>
        <time>2026-09-01T08:33:58Z</time>
        <extensions>
          <geotracker:meta c="0.1" s="5.11" />
        </extensions>
      </trkpt>
      <trkpt lat="18.50548401" lon="73.92768164">
        <ele>497</ele>
        <time>2026-09-01T08:33:59Z</time>
        <extensions>
          <geotracker:meta c="0.03" s="5.98" />
        </extensions>
      </trkpt>
      <trkpt lat="18.50553732" lon="73.92768382">
        <ele>498</ele>
        <time>2026-09-01T08:34:00Z</time>
        <extensions>
          <geotracker:meta c="0.03" s="5.9" />
        </extensions>
      </trkpt>
      <trkpt lat="18.50559218" lon="73.92768432">
        <ele>498</ele>
        <time>2026-09-01T08:34:01Z</time>
        <extensions>
          <geotracker:meta c="0.01" s="6.35" />
        </extensions>
      </trkpt>
      <trkpt lat="18.5056527" lon="73.92768466">
        <ele>499</ele>
        <time>2026-09-01T08:34:02Z</time>
        <extensions>
          <geotracker:meta c="0.02" s="6.9" />
        </extensions>
      </trkpt>
      <trkpt lat="18.50571326" lon="73.92769086">
        <ele>499</ele>
        <time>2026-09-01T08:34:03Z</time>
        <extensions>
          <geotracker:meta c="0.08" s="7.27" />
        </extensions>
      </trkpt>
      <trkpt lat="18.50577843" lon="73.92769665">
        <ele>499</ele>
        <time>2026-09-01T08:34:04Z</time>
        <extensions>
          <geotracker:meta c="0.1" s="7.53" />
        </extensions>
      </trkpt>
      <trkpt lat="18.50584666" lon="73.92770478">
        <ele>499</ele>
        <time>2026-09-01T08:34:05Z</time>
        <extensions>
          <geotracker:meta c="0.14" s="7.92" />
        </extensions>
      </trkpt>
      <trkpt lat="18.50591811" lon="73.9277124">
        <ele>499</ele>
        <time>2026-09-01T08:34:06Z</time>
        <extensions>
          <geotracker:meta c="0.19" s="8.26" />
        </extensions>
      </trkpt>
      <trkpt lat="18.5059902" lon="73.92772456">
        <ele>500</ele>
        <time>2026-09-01T08:34:07Z</time>
        <extensions>
          <geotracker:meta c="0.22" s="8.14" />
        </extensions>
      </trkpt>
      <trkpt lat="18.50605524" lon="73.92774157">
        <ele>500</ele>
        <time>2026-09-01T08:34:08Z</time>
        <extensions>
          <geotracker:meta c="0.27" s="7.52" />
        </extensions>
      </trkpt>
      <trkpt lat="18.50612117" lon="73.92776001">
        <ele>500</ele>
        <time>2026-09-01T08:34:09Z</time>
        <extensions>
          <geotracker:meta c="0.32" s="7.21" />
        </extensions>
      </trkpt>
      <trkpt lat="18.50618286" lon="73.92778985">
        <ele>500</ele>
        <time>2026-09-01T08:34:10Z</time>
        <extensions>
          <geotracker:meta c="0.43" s="6.92" />
        </extensions>
      </trkpt>
      <trkpt lat="18.50624048" lon="73.92782045">
        <ele>500</ele>
        <time>2026-09-01T08:34:11Z</time>
        <extensions>
          <geotracker:meta c="0.49" s="6.28" />
        </extensions>
      </trkpt>
      <trkpt lat="18.50629102" lon="73.92784827">
        <ele>500</ele>
        <time>2026-09-01T08:34:12Z</time>
        <extensions>
          <geotracker:meta c="0.52" s="6.24" />
        </extensions>
      </trkpt>
      <trkpt lat="18.506338" lon="73.92788448">
        <ele>499</ele>
        <time>2026-09-01T08:34:13Z</time>
        <extensions>
          <geotracker:meta c="0.65" s="6.73" />
        </extensions>
      </trkpt>
      <trkpt lat="18.50639056" lon="73.92792623">
        <ele>499</ele>
        <time>2026-09-01T08:34:14Z</time>
        <extensions>
          <geotracker:meta c="0.65" s="7.37" />
        </extensions>
      </trkpt>
      <trkpt lat="18.50644022" lon="73.92797534">
        <ele>499</ele>
        <time>2026-09-01T08:34:15Z</time>
        <extensions>
          <geotracker:meta c="0.71" s="7.34" />
        </extensions>
      </trkpt>
      <trkpt lat="18.50649236" lon="73.92802916">
        <ele>499</ele>
        <time>2026-09-01T08:34:16Z</time>
        <extensions>
          <geotracker:meta c="0.76" s="7.85" />
        </extensions>
      </trkpt>
      <trkpt lat="18.50654801" lon="73.92808163">
        <ele>499</ele>
        <time>2026-09-01T08:34:17Z</time>
        <extensions>
          <geotracker:meta c="0.73" s="8.11" />
        </extensions>
      </trkpt>
      <trkpt lat="18.50660711" lon="73.92813225">
        <ele>499</ele>
        <time>2026-09-01T08:34:18Z</time>
        <extensions>
          <geotracker:meta c="0.71" s="8.57" />
        </extensions>
      </trkpt>
      <trkpt lat="18.50666209" lon="73.92818875">
        <ele>499</ele>
        <time>2026-09-01T08:34:19Z</time>
        <extensions>
          <geotracker:meta c="0.73" s="8.85" />
        </extensions>
      </trkpt>
      <trkpt lat="18.50672487" lon="73.92824532">
        <ele>499</ele>
        <time>2026-09-01T08:34:20Z</time>
        <extensions>
          <geotracker:meta c="0.73" s="9.16" />
        </extensions>
      </trkpt>
      <trkpt lat="18.50679348" lon="73.92829997">
        <ele>499</ele>
        <time>2026-09-01T08:34:21Z</time>
        <extensions>
          <geotracker:meta c="0.72" s="9.3" />
        </extensions>
      </trkpt>
      <trkpt lat="18.50685144" lon="73.92835664">
        <ele>499</ele>
        <time>2026-09-01T08:34:22Z</time>
        <extensions>
          <geotracker:meta c="0.7" s="8.83" />
        </extensions>
      </trkpt>
      <trkpt lat="18.50690814" lon="73.92840743">
        <ele>499</ele>
        <time>2026-09-01T08:34:23Z</time>
        <extensions>
          <geotracker:meta c="0.71" s="8.68" />
        </extensions>
      </trkpt>
      <trkpt lat="18.50696568" lon="73.9284625">
        <ele>499</ele>
        <time>2026-09-01T08:34:24Z</time>
        <extensions>
          <geotracker:meta c="0.72" s="8.53" />
        </extensions>
      </trkpt>
      <trkpt lat="18.50701954" lon="73.92851732">
        <ele>499</ele>
        <time>2026-09-01T08:34:25Z</time>
        <extensions>
          <geotracker:meta c="0.73" s="8.77" />
        </extensions>
      </trkpt>
      <trkpt lat="18.50707293" lon="73.92857222">
        <ele>499</ele>
        <time>2026-09-01T08:34:26Z</time>
        <extensions>
          <geotracker:meta c="0.7" s="8.36" />
        </extensions>
      </trkpt>
      <trkpt lat="18.50713278" lon="73.92862486">
        <ele>499</ele>
        <time>2026-09-01T08:34:27Z</time>
        <extensions>
          <geotracker:meta c="0.67" s="8.71" />
        </extensions>
      </trkpt>
      <trkpt lat="18.50719832" lon="73.9286811">
        <ele>499</ele>
        <time>2026-09-01T08:34:28Z</time>
        <extensions>
          <geotracker:meta c="0.68" s="9.1" />
        </extensions>
      </trkpt>
      <trkpt lat="18.50725985" lon="73.92873332">
        <ele>499</ele>
        <time>2026-09-01T08:34:29Z</time>
        <extensions>
          <geotracker:meta c="0.68" s="9.38" />
        </extensions>
      </trkpt>
      <trkpt lat="18.50732766" lon="73.92879643">
        <ele>499</ele>
        <time>2026-09-01T08:34:30Z</time>
        <extensions>
          <geotracker:meta c="0.73" s="9.76" />
        </extensions>
      </trkpt>
      <trkpt lat="18.50739136" lon="73.92885821">
        <ele>499</ele>
        <time>2026-09-01T08:34:31Z</time>
        <extensions>
          <geotracker:meta c="0.75" s="9.39" />
        </extensions>
      </trkpt>
      <trkpt lat="18.50745494" lon="73.92891294">
        <ele>499</ele>
        <time>2026-09-01T08:34:32Z</time>
        <extensions>
          <geotracker:meta c="0.73" s="9.05" />
        </extensions>
      </trkpt>
      <trkpt lat="18.50751793" lon="73.92896868">
        <ele>499</ele>
        <time>2026-09-01T08:34:33Z</time>
        <extensions>
          <geotracker:meta c="0.69" s="9.26" />
        </extensions>
      </trkpt>
      <trkpt lat="18.50758527" lon="73.92902744">
        <ele>499</ele>
        <time>2026-09-01T08:34:34Z</time>
        <extensions>
          <geotracker:meta c="0.69" s="9.34" />
        </extensions>
      </trkpt>
      <trkpt lat="18.50764835" lon="73.92908167">
        <ele>499</ele>
        <time>2026-09-01T08:34:35Z</time>
        <extensions>
          <geotracker:meta c="0.67" s="8.57" />
        </extensions>
      </trkpt>
      <trkpt lat="18.50770312" lon="73.92912869">
        <ele>499</ele>
        <time>2026-09-01T08:34:36Z</time>
        <extensions>
          <geotracker:meta c="0.64" s="7.61" />
        </extensions>
      </trkpt>
      <trkpt lat="18.50775484" lon="73.92916742">
        <ele>499</ele>
        <time>2026-09-01T08:34:37Z</time>
        <extensions>
          <geotracker:meta c="0.64" s="6.58" />
        </extensions>
      </trkpt>
      <trkpt lat="18.50779662" lon="73.92919432">
        <ele>499</ele>
        <time>2026-09-01T08:34:38Z</time>
        <extensions>
          <geotracker:meta c="0.68" s="4.56" />
        </extensions>
      </trkpt>
      <trkpt lat="18.5078177" lon="73.92920899">
        <ele>499</ele>
        <time>2026-09-01T08:34:39Z</time>
        <extensions>
          <geotracker:meta c="0.6" s="2.45" />
        </extensions>
      </trkpt>
      <trkpt lat="18.50783598" lon="73.92922014">
        <ele>499</ele>
        <time>2026-09-01T08:34:40Z</time>
        <extensions>
          <geotracker:meta c="0.6" s="1.55" />
        </extensions>
      </trkpt>
      <trkpt lat="18.50785362" lon="73.92922735">
        <ele>499</ele>
        <time>2026-09-01T08:34:41Z</time>
        <extensions>
          <geotracker:meta c="0.61" s="1.94" />
        </extensions>
      </trkpt>
      <trkpt lat="18.50787361" lon="73.92923892">
        <ele>499</ele>
        <time>2026-09-01T08:34:42Z</time>
        <extensions>
          <geotracker:meta c="0.81" s="2.75" />
        </extensions>
      </trkpt>
      <trkpt lat="18.50789436" lon="73.92926071">
        <ele>499</ele>
        <time>2026-09-01T08:34:43Z</time>
        <extensions>
          <geotracker:meta c="0.71" s="3.27" />
        </extensions>
      </trkpt>
      <trkpt lat="18.50791678" lon="73.92927999">
        <ele>499</ele>
        <time>2026-09-01T08:34:44Z</time>
        <extensions>
          <geotracker:meta c="0.58" s="2.85" />
        </extensions>
      </trkpt>
      <trkpt lat="18.50793874" lon="73.92929038">
        <ele>499</ele>
        <time>2026-09-01T08:34:45Z</time>
        <extensions>
          <geotracker:meta c="0.39" s="2.28" />
        </extensions>
      </trkpt>
      <trkpt lat="18.50795387" lon="73.92929851">
        <ele>500</ele>
        <time>2026-09-01T08:34:46Z</time>
        <extensions>
          <geotracker:meta c="0.39" s="1.14" />
        </extensions>
      </trkpt>
      <trkpt lat="18.50796141" lon="73.92931117">
        <ele>500</ele>
        <time>2026-09-01T08:34:47Z</time>
        <extensions>
          <geotracker:meta c="0.7" s="1.21" />
        </extensions>
      </trkpt>
      <trkpt lat="18.50796975" lon="73.92932156">
        <ele>500</ele>
        <time>2026-09-01T08:34:48Z</time>
        <extensions>
          <geotracker:meta c="0.61" s="1.53" />
        </extensions>
      </trkpt>
      <trkpt lat="18.50798144" lon="73.9293364">
        <ele>499</ele>
        <time>2026-09-01T08:34:49Z</time>
        <extensions>
          <geotracker:meta c="0.76" s="1.71" />
        </extensions>
      </trkpt>
      <trkpt lat="18.50799104" lon="73.92934201">
        <ele>499</ele>
        <time>2026-09-01T08:34:50Z</time>
        <extensions>
          <geotracker:meta c="0.51" s="0.74" />
        </extensions>
      </trkpt>
      <trkpt lat="18.50799867" lon="73.9293457">
        <ele>499</ele>
        <time>2026-09-01T08:34:51Z</time>
        <extensions>
          <geotracker:meta c="0.43" s="0.89" />
        </extensions>
      </trkpt>
      <trkpt lat="18.50800374" lon="73.92934822">
        <ele>499</ele>
        <time>2026-09-01T08:34:52Z</time>
        <extensions>
          <geotracker:meta c="0.43" s="0.78" />
        </extensions>
      </trkpt>
      <trkpt lat="18.50802042" lon="73.92936096">
        <ele>500</ele>
        <time>2026-09-01T08:34:56Z</time>
        <extensions>
          <geotracker:meta c="0.57" s="2.31" />
        </extensions>
      </trkpt>
      <trkpt lat="18.50803664" lon="73.9293742">
        <ele>500</ele>
        <time>2026-09-01T08:34:57Z</time>
        <extensions>
          <geotracker:meta c="0.54" s="2.54" />
        </extensions>
      </trkpt>
      <trkpt lat="18.50805986" lon="73.92939189">
        <ele>500</ele>
        <time>2026-09-01T08:34:58Z</time>
        <extensions>
          <geotracker:meta c="0.65" s="2.91" />
        </extensions>
      </trkpt>
      <trkpt lat="18.50808551" lon="73.92941209">
        <ele>500</ele>
        <time>2026-09-01T08:34:59Z</time>
        <extensions>
          <geotracker:meta c="0.66" s="3.91" />
        </extensions>
      </trkpt>
      <trkpt lat="18.50811451" lon="73.92943522">
        <ele>500</ele>
        <time>2026-09-01T08:35:00Z</time>
        <extensions>
          <geotracker:meta c="0.62" s="4.57" />
        </extensions>
      </trkpt>
      <trkpt lat="18.50814728" lon="73.92945223">
        <ele>499</ele>
        <time>2026-09-01T08:35:01Z</time>
        <extensions>
          <geotracker:meta c="0.64" s="4.42" />
        </extensions>
      </trkpt>
      <trkpt lat="18.50817871" lon="73.92947562">
        <ele>498</ele>
        <time>2026-09-01T08:35:02Z</time>
        <extensions>
          <geotracker:meta c="0.61" s="4.68" />
        </extensions>
      </trkpt>
      <trkpt lat="18.50821442" lon="73.92949976">
        <ele>498</ele>
        <time>2026-09-01T08:35:03Z</time>
        <extensions>
          <geotracker:meta c="0.51" s="5.28" />
        </extensions>
      </trkpt>
      <trkpt lat="18.50825218" lon="73.92952298">
        <ele>498</ele>
        <time>2026-09-01T08:35:04Z</time>
        <extensions>
          <geotracker:meta c="0.45" s="4.47" />
        </extensions>
      </trkpt>
      <trkpt lat="18.50828793" lon="73.929541">
        <ele>498</ele>
        <time>2026-09-01T08:35:05Z</time>
        <extensions>
          <geotracker:meta c="0.47" s="3.9" />
        </extensions>
      </trkpt>
      <trkpt lat="18.50832259" lon="73.92955709">
        <ele>499</ele>
        <time>2026-09-01T08:35:06Z</time>
        <extensions>
          <geotracker:meta c="0.41" s="4.14" />
        </extensions>
      </trkpt>
      <trkpt lat="18.5083588" lon="73.92956858">
        <ele>498</ele>
        <time>2026-09-01T08:35:07Z</time>
        <extensions>
          <geotracker:meta c="0.07" s="4.21" />
        </extensions>
      </trkpt>
      <trkpt lat="18.50839555" lon="73.92955994">
        <ele>498</ele>
        <time>2026-09-01T08:35:08Z</time>
        <extensions>
          <geotracker:meta c="5.75" s="3.96" />
        </extensions>
      </trkpt>
      <trkpt lat="18.50842623" lon="73.9295327">
        <ele>498</ele>
        <time>2026-09-01T08:35:09Z</time>
        <extensions>
          <geotracker:meta c="5.57" s="3.93" />
        </extensions>
      </trkpt>
      <trkpt lat="18.50844874" lon="73.92949942">
        <ele>498</ele>
        <time>2026-09-01T08:35:10Z</time>
        <extensions>
          <geotracker:meta c="5.22" s="4.17" />
        </extensions>
      </trkpt>
      <trkpt lat="18.5084647" lon="73.92946011">
        <ele>498</ele>
        <time>2026-09-01T08:35:11Z</time>
        <extensions>
          <geotracker:meta c="5.16" s="3.87" />
        </extensions>
      </trkpt>
      <trkpt lat="18.50847581" lon="73.92943094">
        <ele>498</ele>
        <time>2026-09-01T08:35:12Z</time>
        <extensions>
          <geotracker:meta c="4.93" s="3.44" />
        </extensions>
      </trkpt>
      <trkpt lat="18.50848222" lon="73.92939876">
        <ele>498</ele>
        <time>2026-09-01T08:35:13Z</time>
        <extensions>
          <geotracker:meta c="4.91" s="3.64" />
        </extensions>
      </trkpt>
      <trkpt lat="18.50849308" lon="73.92935861">
        <ele>498</ele>
        <time>2026-09-01T08:35:14Z</time>
        <extensions>
          <geotracker:meta c="4.81" s="4.56" />
        </extensions>
      </trkpt>
      <trkpt lat="18.50849798" lon="73.92931494">
        <ele>498</ele>
        <time>2026-09-01T08:35:15Z</time>
        <extensions>
          <geotracker:meta c="4.82" s="5.34" />
        </extensions>
      </trkpt>
      <trkpt lat="18.50850464" lon="73.92926683">
        <ele>498</ele>
        <time>2026-09-01T08:35:16Z</time>
        <extensions>
          <geotracker:meta c="4.9" s="6.36" />
        </extensions>
      </trkpt>
      <trkpt lat="18.50851336" lon="73.92920296">
        <ele>497</ele>
        <time>2026-09-01T08:35:17Z</time>
        <extensions>
          <geotracker:meta c="4.9" s="7.51" />
        </extensions>
      </trkpt>
      <trkpt lat="18.50852447" lon="73.92912769">
        <ele>497</ele>
        <time>2026-09-01T08:35:18Z</time>
        <extensions>
          <geotracker:meta c="4.87" s="8.51" />
        </extensions>
      </trkpt>
      <trkpt lat="18.50853205" lon="73.9290458">
        <ele>497</ele>
        <time>2026-09-01T08:35:19Z</time>
        <extensions>
          <geotracker:meta c="4.82" s="9.25" />
        </extensions>
      </trkpt>
      <trkpt lat="18.50854245" lon="73.92895527">
        <ele>497</ele>
        <time>2026-09-01T08:35:20Z</time>
        <extensions>
          <geotracker:meta c="4.85" s="9.86" />
        </extensions>
      </trkpt>
      <trkpt lat="18.50855669" lon="73.92886056">
        <ele>497</ele>
        <time>2026-09-01T08:35:21Z</time>
        <extensions>
          <geotracker:meta c="4.89" s="10.3" />
        </extensions>
      </trkpt>
      <trkpt lat="18.50857166" lon="73.92875897">
        <ele>497</ele>
        <time>2026-09-01T08:35:22Z</time>
        <extensions>
          <geotracker:meta c="4.88" s="10.9" />
        </extensions>
      </trkpt>
      <trkpt lat="18.50858905" lon="73.92865486">
        <ele>497</ele>
        <time>2026-09-01T08:35:23Z</time>
        <extensions>
          <geotracker:meta c="4.87" s="11.65" />
        </extensions>
      </trkpt>
      <trkpt lat="18.50860347" lon="73.92854095">
        <ele>497</ele>
        <time>2026-09-01T08:35:24Z</time>
        <extensions>
          <geotracker:meta c="4.84" s="12.24" />
        </extensions>
      </trkpt>
      <trkpt lat="18.50861813" lon="73.92842118">
        <ele>496</ele>
        <time>2026-09-01T08:35:25Z</time>
        <extensions>
          <geotracker:meta c="4.85" s="12.92" />
        </extensions>
      </trkpt>
      <trkpt lat="18.50863959" lon="73.92829486">
        <ele>496</ele>
        <time>2026-09-01T08:35:26Z</time>
        <extensions>
          <geotracker:meta c="4.84" s="13.03" />
        </extensions>
      </trkpt>
      <trkpt lat="18.50865677" lon="73.92817684">
        <ele>496</ele>
        <time>2026-09-01T08:35:27Z</time>
        <extensions>
          <geotracker:meta c="4.84" s="12.66" />
        </extensions>
      </trkpt>
      <trkpt lat="18.50866767" lon="73.92806377">
        <ele>496</ele>
        <time>2026-09-01T08:35:28Z</time>
        <extensions>
          <geotracker:meta c="4.85" s="11.38" />
        </extensions>
      </trkpt>
      <trkpt lat="18.5086758" lon="73.92796654">
        <ele>496</ele>
        <time>2026-09-01T08:35:29Z</time>
        <extensions>
          <geotracker:meta c="4.84" s="9.8" />
        </extensions>
      </trkpt>
      <trkpt lat="18.50868754" lon="73.9278813">
        <ele>496</ele>
        <time>2026-09-01T08:35:30Z</time>
        <extensions>
          <geotracker:meta c="4.86" s="7.9" />
        </extensions>
      </trkpt>
      <trkpt lat="18.50869743" lon="73.92781433">
        <ele>496</ele>
        <time>2026-09-01T08:35:31Z</time>
        <extensions>
          <geotracker:meta c="4.85" s="6.68" />
        </extensions>
      </trkpt>
      <trkpt lat="18.50870099" lon="73.92774719">
        <ele>496</ele>
        <time>2026-09-01T08:35:32Z</time>
        <extensions>
          <geotracker:meta c="4.8" s="7.24" />
        </extensions>
      </trkpt>
      <trkpt lat="18.50870757" lon="73.92767267">
        <ele>496</ele>
        <time>2026-09-01T08:35:33Z</time>
        <extensions>
          <geotracker:meta c="4.78" s="8.24" />
        </extensions>
      </trkpt>
      <trkpt lat="18.50871306" lon="73.92759045">
        <ele>496</ele>
        <time>2026-09-01T08:35:34Z</time>
        <extensions>
          <geotracker:meta c="4.78" s="9.36" />
        </extensions>
      </trkpt>
      <trkpt lat="18.50872651" lon="73.92749707">
        <ele>496</ele>
        <time>2026-09-01T08:35:35Z</time>
        <extensions>
          <geotracker:meta c="4.85" s="10.19" />
        </extensions>
      </trkpt>
      <trkpt lat="18.50874177" lon="73.92740252">
        <ele>497</ele>
        <time>2026-09-01T08:35:36Z</time>
        <extensions>
          <geotracker:meta c="4.89" s="10.66" />
        </extensions>
      </trkpt>
      <trkpt lat="18.50875727" lon="73.92729993">
        <ele>497</ele>
        <time>2026-09-01T08:35:37Z</time>
        <extensions>
          <geotracker:meta c="4.86" s="11.23" />
        </extensions>
      </trkpt>
      <trkpt lat="18.50877525" lon="73.92719323">
        <ele>497</ele>
        <time>2026-09-01T08:35:38Z</time>
        <extensions>
          <geotracker:meta c="4.84" s="11.12" />
        </extensions>
      </trkpt>
      <trkpt lat="18.50878686" lon="73.92709902">
        <ele>497</ele>
        <time>2026-09-01T08:35:39Z</time>
        <extensions>
          <geotracker:meta c="4.85" s="9.17" />
        </extensions>
      </trkpt>
      <trkpt lat="18.50879583" lon="73.92702685">
        <ele>498</ele>
        <time>2026-09-01T08:35:40Z</time>
        <extensions>
          <geotracker:meta c="4.84" s="7.11" />
        </extensions>
      </trkpt>
      <trkpt lat="18.50879906" lon="73.92696491">
        <ele>498</ele>
        <time>2026-09-01T08:35:41Z</time>
        <extensions>
          <geotracker:meta c="4.8" s="5.64" />
        </extensions>
      </trkpt>
      <trkpt lat="18.50880241" lon="73.926909">
        <ele>498</ele>
        <time>2026-09-01T08:35:42Z</time>
        <extensions>
          <geotracker:meta c="4.78" s="6.75" />
        </extensions>
      </trkpt>
      <trkpt lat="18.50880476" lon="73.92683432">
        <ele>499</ele>
        <time>2026-09-01T08:35:43Z</time>
        <extensions>
          <geotracker:meta c="4.86" s="8.26" />
        </extensions>
      </trkpt>
      <trkpt lat="18.50881528" lon="73.92674731">
        <ele>499</ele>
        <time>2026-09-01T08:35:44Z</time>
        <extensions>
          <geotracker:meta c="4.88" s="9.37" />
        </extensions>
      </trkpt>
      <trkpt lat="18.50883204" lon="73.92665536">
        <ele>500</ele>
        <time>2026-09-01T08:35:45Z</time>
        <extensions>
          <geotracker:meta c="4.89" s="10.1" />
        </extensions>
      </trkpt>
      <trkpt lat="18.50884809" lon="73.92655595">
        <ele>500</ele>
        <time>2026-09-01T08:35:46Z</time>
        <extensions>
          <geotracker:meta c="4.82" s="11.09" />
        </extensions>
      </trkpt>
      <trkpt lat="18.50886343" lon="73.92644313">
        <ele>500</ele>
        <time>2026-09-01T08:35:47Z</time>
        <extensions>
          <geotracker:meta c="4.79" s="11.86" />
        </extensions>
      </trkpt>
      <trkpt lat="18.50887374" lon="73.92633819">
        <ele>501</ele>
        <time>2026-09-01T08:35:48Z</time>
        <extensions>
          <geotracker:meta c="4.82" s="11.35" />
        </extensions>
      </trkpt>
      <trkpt lat="18.5088882" lon="73.92624163">
        <ele>501</ele>
        <time>2026-09-01T08:35:49Z</time>
        <extensions>
          <geotracker:meta c="4.86" s="9.25" />
        </extensions>
      </trkpt>
      <trkpt lat="18.50889763" lon="73.92617072">
        <ele>501</ele>
        <time>2026-09-01T08:35:50Z</time>
        <extensions>
          <geotracker:meta c="4.85" s="6.61" />
        </extensions>
      </trkpt>
      <trkpt lat="18.50890614" lon="73.92612026">
        <ele>501</ele>
        <time>2026-09-01T08:35:51Z</time>
        <extensions>
          <geotracker:meta c="4.88" s="3.5" />
        </extensions>
      </trkpt>
      <trkpt lat="18.50891452" lon="73.92609193">
        <ele>501</ele>
        <time>2026-09-01T08:35:52Z</time>
        <extensions>
          <geotracker:meta c="5.12" s="2.09" />
        </extensions>
      </trkpt>
      <trkpt lat="18.50892701" lon="73.92607491">
        <ele>501</ele>
        <time>2026-09-01T08:35:53Z</time>
        <extensions>
          <geotracker:meta c="5.43" s="2.8" />
        </extensions>
      </trkpt>
      <trkpt lat="18.50894922" lon="73.92605371">
        <ele>502</ele>
        <time>2026-09-01T08:35:54Z</time>
        <extensions>
          <geotracker:meta c="5.68" s="3.69" />
        </extensions>
      </trkpt>
      <trkpt lat="18.50898723" lon="73.92603342">
        <ele>502</ele>
        <time>2026-09-01T08:35:55Z</time>
        <extensions>
          <geotracker:meta c="5.86" s="5.05" />
        </extensions>
      </trkpt>
      <trkpt lat="18.50902549" lon="73.92601909">
        <ele>502</ele>
        <time>2026-09-01T08:35:56Z</time>
        <extensions>
          <geotracker:meta c="5.99" s="4.82" />
        </extensions>
      </trkpt>
      <trkpt lat="18.50906418" lon="73.92601096">
        <ele>502</ele>
        <time>2026-09-01T08:35:57Z</time>
        <extensions>
          <geotracker:meta c="6.13" s="4.7" />
        </extensions>
      </trkpt>
      <trkpt lat="18.509112" lon="73.92600266">
        <ele>502</ele>
        <time>2026-09-01T08:35:58Z</time>
        <extensions>
          <geotracker:meta c="6.13" s="6.01" />
        </extensions>
      </trkpt>
      <trkpt lat="18.50917163" lon="73.92599973">
        <ele>502</ele>
        <time>2026-09-01T08:35:59Z</time>
        <extensions>
          <geotracker:meta c="6.24" s="7.06" />
        </extensions>
      </trkpt>
      <trkpt lat="18.50923672" lon="73.92599981">
        <ele>503</ele>
        <time>2026-09-01T08:36:00Z</time>
        <extensions>
          <geotracker:meta c="6.27" s="7.85" />
        </extensions>
      </trkpt>
      <trkpt lat="18.50930708" lon="73.92600182">
        <ele>503</ele>
        <time>2026-09-01T08:36:01Z</time>
        <extensions>
          <geotracker:meta c="0.04" s="7.68" />
        </extensions>
      </trkpt>
      <trkpt lat="18.50936898" lon="73.92600518">
        <ele>503</ele>
        <time>2026-09-01T08:36:02Z</time>
        <extensions>
          <geotracker:meta c="0.06" s="6.52" />
        </extensions>
      </trkpt>
      <trkpt lat="18.50942938" lon="73.9259968">
        <ele>504</ele>
        <time>2026-09-01T08:36:03Z</time>
        <extensions>
          <geotracker:meta c="6.24" s="6.47" />
        </extensions>
      </trkpt>
      <trkpt lat="18.50949149" lon="73.92599311">
        <ele>504</ele>
        <time>2026-09-01T08:36:04Z</time>
        <extensions>
          <geotracker:meta c="6.27" s="6.35" />
        </extensions>
      </trkpt>
      <trkpt lat="18.50955259" lon="73.92599143">
        <ele>504</ele>
        <time>2026-09-01T08:36:05Z</time>
        <extensions>
          <geotracker:meta c="6.27" s="6.57" />
        </extensions>
      </trkpt>
      <trkpt lat="18.50961642" lon="73.92598816">
        <ele>504</ele>
        <time>2026-09-01T08:36:06Z</time>
        <extensions>
          <geotracker:meta c="6.24" s="7.52" />
        </extensions>
      </trkpt>
      <trkpt lat="18.50969051" lon="73.92598657">
        <ele>504</ele>
        <time>2026-09-01T08:36:07Z</time>
        <extensions>
          <geotracker:meta c="6.27" s="8.65" />
        </extensions>
      </trkpt>
      <trkpt lat="18.50977417" lon="73.9259864">
        <ele>503</ele>
        <time>2026-09-01T08:36:08Z</time>
        <extensions>
          <geotracker:meta c="0.01" s="9.42" />
        </extensions>
      </trkpt>
      <trkpt lat="18.50986331" lon="73.92598665">
        <ele>503</ele>
        <time>2026-09-01T08:36:09Z</time>
        <extensions>
          <geotracker:meta c="0.02" s="9.65" />
        </extensions>
      </trkpt>
      <trkpt lat="18.50994813" lon="73.9259859">
        <ele>503</ele>
        <time>2026-09-01T08:36:10Z</time>
        <extensions>
          <geotracker:meta c="0.01" s="8.71" />
        </extensions>
      </trkpt>
      <trkpt lat="18.51002089" lon="73.92598548">
        <ele>504</ele>
        <time>2026-09-01T08:36:11Z</time>
        <extensions>
          <geotracker:meta c="0.07" s="7.68" />
        </extensions>
      </trkpt>
      <trkpt lat="18.51008488" lon="73.92599193">
        <ele>504</ele>
        <time>2026-09-01T08:36:12Z</time>
        <extensions>
          <geotracker:meta c="0.1" s="6.14" />
        </extensions>
      </trkpt>
      <trkpt lat="18.51013023" lon="73.92599688">
        <ele>504</ele>
        <time>2026-09-01T08:36:13Z</time>
        <extensions>
          <geotracker:meta c="0.11" s="3.8" />
        </extensions>
      </trkpt>
      <trkpt lat="18.51016535" lon="73.92600224">
        <ele>504</ele>
        <time>2026-09-01T08:36:14Z</time>
        <extensions>
          <geotracker:meta c="0.09" s="3.76" />
        </extensions>
      </trkpt>
      <trkpt lat="18.5102003" lon="73.92600819">
        <ele>504</ele>
        <time>2026-09-01T08:36:15Z</time>
        <extensions>
          <geotracker:meta c="0.1" s="3.92" />
        </extensions>
      </trkpt>
      <trkpt lat="18.51023324" lon="73.92600861">
        <ele>504</ele>
        <time>2026-09-01T08:36:16Z</time>
        <extensions>
          <geotracker:meta c="6.23" s="3.06" />
        </extensions>
      </trkpt>
      <trkpt lat="18.51026086" lon="73.92600258">
        <ele>504</ele>
        <time>2026-09-01T08:36:17Z</time>
        <extensions>
          <geotracker:meta c="6.27" s="2.73" />
        </extensions>
      </trkpt>
      <trkpt lat="18.51028873" lon="73.92600367">
        <ele>504</ele>
        <time>2026-09-01T08:36:18Z</time>
        <extensions>
          <geotracker:meta c="0.07" s="2.9" />
        </extensions>
      </trkpt>
      <trkpt lat="18.51032058" lon="73.92600627">
        <ele>503</ele>
        <time>2026-09-01T08:36:19Z</time>
        <extensions>
          <geotracker:meta c="0.14" s="3.54" />
        </extensions>
      </trkpt>
      <trkpt lat="18.51035633" lon="73.92601172">
        <ele>503</ele>
        <time>2026-09-01T08:36:20Z</time>
        <extensions>
          <geotracker:meta c="0.07" s="4.6" />
        </extensions>
      </trkpt>
      <trkpt lat="18.51039635" lon="73.92601582">
        <ele>502</ele>
        <time>2026-09-01T08:36:21Z</time>
        <extensions>
          <geotracker:meta c="0.03" s="4.17" />
        </extensions>
      </trkpt>
      <trkpt lat="18.51043047" lon="73.92602546">
        <ele>501</ele>
        <time>2026-09-01T08:36:22Z</time>
        <extensions>
          <geotracker:meta c="0.1" s="3.45" />
        </extensions>
      </trkpt>
      <trkpt lat="18.51046341" lon="73.92603242">
        <ele>501</ele>
        <time>2026-09-01T08:36:23Z</time>
        <extensions>
          <geotracker:meta c="0.06" s="3.63" />
        </extensions>
      </trkpt>
      <trkpt lat="18.51050008" lon="73.92603435">
        <ele>501</ele>
        <time>2026-09-01T08:36:24Z</time>
        <extensions>
          <geotracker:meta c="0.06" s="4.21" />
        </extensions>
      </trkpt>
      <trkpt lat="18.51054694" lon="73.9260289">
        <ele>501</ele>
        <time>2026-09-01T08:36:25Z</time>
        <extensions>
          <geotracker:meta c="0.01" s="4.54" />
        </extensions>
      </trkpt>
      <trkpt lat="18.51058109" lon="73.92602965">
        <ele>501</ele>
        <time>2026-09-01T08:36:26Z</time>
        <extensions>
          <geotracker:meta c="6.17" s="4.1" />
        </extensions>
      </trkpt>
      <trkpt lat="18.51060842" lon="73.9260268">
        <ele>501</ele>
        <time>2026-09-01T08:36:27Z</time>
        <extensions>
          <geotracker:meta c="6.19" s="3.14" />
        </extensions>
      </trkpt>
      <trkpt lat="18.51063285" lon="73.92602798">
        <ele>501</ele>
        <time>2026-09-01T08:36:28Z</time>
        <extensions>
          <geotracker:meta c="6.21" s="1.91" />
        </extensions>
      </trkpt>
      <trkpt lat="18.51065309" lon="73.92602772">
        <ele>501</ele>
        <time>2026-09-01T08:36:29Z</time>
        <extensions>
          <geotracker:meta c="6.27" s="2.54" />
        </extensions>
      </trkpt>
      <trkpt lat="18.51068067" lon="73.92602848">
        <ele>502</ele>
        <time>2026-09-01T08:36:30Z</time>
        <extensions>
          <geotracker:meta c="0.22" s="3.74" />
        </extensions>
      </trkpt>
      <trkpt lat="18.510716" lon="73.92603032">
        <ele>502</ele>
        <time>2026-09-01T08:36:31Z</time>
        <extensions>
          <geotracker:meta c="0.16" s="4.75" />
        </extensions>
      </trkpt>
      <trkpt lat="18.51076063" lon="73.92603141">
        <ele>503</ele>
        <time>2026-09-01T08:36:32Z</time>
        <extensions>
          <geotracker:meta c="0.02" s="5.58" />
        </extensions>
      </trkpt>
      <trkpt lat="18.51081654" lon="73.92603049">
        <ele>503</ele>
        <time>2026-09-01T08:36:33Z</time>
        <extensions>
          <geotracker:meta c="6.24" s="6.84" />
        </extensions>
      </trkpt>
      <trkpt lat="18.51088167" lon="73.9260346">
        <ele>503</ele>
        <time>2026-09-01T08:36:34Z</time>
        <extensions>
          <geotracker:meta c="0.02" s="7.52" />
        </extensions>
      </trkpt>
      <trkpt lat="18.51095404" lon="73.92603636">
        <ele>503</ele>
        <time>2026-09-01T08:36:35Z</time>
        <extensions>
          <geotracker:meta c="0.05" s="7.68" />
        </extensions>
      </trkpt>
      <trkpt lat="18.51102269" lon="73.9260403">
        <ele>503</ele>
        <time>2026-09-01T08:36:36Z</time>
        <extensions>
          <geotracker:meta c="0.05" s="7.27" />
        </extensions>
      </trkpt>
      <trkpt lat="18.5110879" lon="73.92604021">
        <ele>503</ele>
        <time>2026-09-01T08:36:37Z</time>
        <extensions>
          <geotracker:meta c="0.08" s="7.43" />
        </extensions>
      </trkpt>
      <trkpt lat="18.51115659" lon="73.92605077">
        <ele>503</ele>
        <time>2026-09-01T08:36:38Z</time>
        <extensions>
          <geotracker:meta c="0.05" s="8.49" />
        </extensions>
      </trkpt>
      <trkpt lat="18.51124008" lon="73.92605974">
        <ele>503</ele>
        <time>2026-09-01T08:36:39Z</time>
        <extensions>
          <geotracker:meta c="0.09" s="9.73" />
        </extensions>
      </trkpt>
      <trkpt lat="18.51133404" lon="73.92607081">
        <ele>503</ele>
        <time>2026-09-01T08:36:40Z</time>
        <extensions>
          <geotracker:meta c="0.08" s="10.53" />
        </extensions>
      </trkpt>
      <trkpt lat="18.51142972" lon="73.92607902">
        <ele>503</ele>
        <time>2026-09-01T08:36:41Z</time>
        <extensions>
          <geotracker:meta c="0.08" s="11.07" />
        </extensions>
      </trkpt>
      <trkpt lat="18.51152971" lon="73.92608866">
        <ele>503</ele>
        <time>2026-09-01T08:36:42Z</time>
        <extensions>
          <geotracker:meta c="0.06" s="11.1" />
        </extensions>
      </trkpt>
      <trkpt lat="18.51162217" lon="73.92609813">
        <ele>502</ele>
        <time>2026-09-01T08:36:43Z</time>
        <extensions>
          <geotracker:meta c="0.06" s="9.66" />
        </extensions>
      </trkpt>
      <trkpt lat="18.51168935" lon="73.92610551">
        <ele>502</ele>
        <time>2026-09-01T08:36:44Z</time>
        <extensions>
          <geotracker:meta c="0.11" s="6.44" />
        </extensions>
      </trkpt>
      <trkpt lat="18.51174115" lon="73.92611163">
        <ele>501</ele>
        <time>2026-09-01T08:36:45Z</time>
        <extensions>
          <geotracker:meta c="0.1" s="4.48" />
        </extensions>
      </trkpt>
      <trkpt lat="18.51178809" lon="73.92611347">
        <ele>502</ele>
        <time>2026-09-01T08:36:46Z</time>
        <extensions>
          <geotracker:meta c="0.17" s="5.06" />
        </extensions>
      </trkpt>
      <trkpt lat="18.51183829" lon="73.92612127">
        <ele>501</ele>
        <time>2026-09-01T08:36:47Z</time>
        <extensions>
          <geotracker:meta c="0.16" s="6.06" />
        </extensions>
      </trkpt>
      <trkpt lat="18.51189131" lon="73.92612621">
        <ele>501</ele>
        <time>2026-09-01T08:36:48Z</time>
        <extensions>
          <geotracker:meta c="0.08" s="6.34" />
        </extensions>
      </trkpt>
      <trkpt lat="18.51194785" lon="73.92613216">
        <ele>500</ele>
        <time>2026-09-01T08:36:49Z</time>
        <extensions>
          <geotracker:meta c="0.09" s="5.93" />
        </extensions>
      </trkpt>
      <trkpt lat="18.51200522" lon="73.92613459">
        <ele>500</ele>
        <time>2026-09-01T08:36:50Z</time>
        <extensions>
          <geotracker:meta c="6.26" s="6.53" />
        </extensions>
      </trkpt>
      <trkpt lat="18.51207014" lon="73.92613719">
        <ele>501</ele>
        <time>2026-09-01T08:36:51Z</time>
        <extensions>
          <geotracker:meta c="6.25" s="7.48" />
        </extensions>
      </trkpt>
      <trkpt lat="18.51214214" lon="73.9261351">
        <ele>501</ele>
        <time>2026-09-01T08:36:52Z</time>
        <extensions>
          <geotracker:meta c="0.01" s="8.18" />
        </extensions>
      </trkpt>
      <trkpt lat="18.51221808" lon="73.92613593">
        <ele>501</ele>
        <time>2026-09-01T08:36:53Z</time>
        <extensions>
          <geotracker:meta c="0.01" s="8.72" />
        </extensions>
      </trkpt>
      <trkpt lat="18.51229775" lon="73.92613962">
        <ele>501</ele>
        <time>2026-09-01T08:36:54Z</time>
        <extensions>
          <geotracker:meta c="0.03" s="9.28" />
        </extensions>
      </trkpt>
      <trkpt lat="18.51238295" lon="73.92614197">
        <ele>501</ele>
        <time>2026-09-01T08:36:55Z</time>
        <extensions>
          <geotracker:meta c="0.02" s="9.95" />
        </extensions>
      </trkpt>
      <trkpt lat="18.51247368" lon="73.9261465">
        <ele>501</ele>
        <time>2026-09-01T08:36:56Z</time>
        <extensions>
          <geotracker:meta c="0.03" s="10.29" />
        </extensions>
      </trkpt>
      <trkpt lat="18.51256681" lon="73.92614197">
        <ele>500</ele>
        <time>2026-09-01T08:36:57Z</time>
        <extensions>
          <geotracker:meta c="0.03" s="9.43" />
        </extensions>
      </trkpt>
      <trkpt lat="18.51265205" lon="73.9261449">
        <ele>501</ele>
        <time>2026-09-01T08:36:58Z</time>
        <extensions>
          <geotracker:meta c="0.03" s="8.66" />
        </extensions>
      </trkpt>
      <trkpt lat="18.5127259" lon="73.92614507">
        <ele>501</ele>
        <time>2026-09-01T08:36:59Z</time>
        <extensions>
          <geotracker:meta c="0.05" s="7.84" />
        </extensions>
      </trkpt>
      <trkpt lat="18.5127922" lon="73.92614842">
        <ele>501</ele>
        <time>2026-09-01T08:37:00Z</time>
        <extensions>
          <geotracker:meta c="6.24" s="6.77" />
        </extensions>
      </trkpt>
      <trkpt lat="18.5128453" lon="73.9261506">
        <ele>501</ele>
        <time>2026-09-01T08:37:01Z</time>
        <extensions>
          <geotracker:meta c="6.19" s="4.98" />
        </extensions>
      </trkpt>
      <trkpt lat="18.51287367" lon="73.92614817">
        <ele>501</ele>
        <time>2026-09-01T08:37:02Z</time>
        <extensions>
          <geotracker:meta c="6.06" s="2.23" />
        </extensions>
      </trkpt>
      <trkpt lat="18.51289161" lon="73.92614557">
        <ele>501</ele>
        <time>2026-09-01T08:37:03Z</time>
        <extensions>
          <geotracker:meta c="5.98" s="1.46" />
        </extensions>
      </trkpt>
      <trkpt lat="18.51290963" lon="73.92614105">
        <ele>501</ele>
        <time>2026-09-01T08:37:04Z</time>
        <extensions>
          <geotracker:meta c="5.99" s="2.51" />
        </extensions>
      </trkpt>
      <trkpt lat="18.51293888" lon="73.9261273">
        <ele>501</ele>
        <time>2026-09-01T08:37:05Z</time>
        <extensions>
          <geotracker:meta c="5.76" s="4" />
        </extensions>
      </trkpt>
      <trkpt lat="18.51296612" lon="73.92610132">
        <ele>501</ele>
        <time>2026-09-01T08:37:06Z</time>
        <extensions>
          <geotracker:meta c="5.38" s="4.87" />
        </extensions>
      </trkpt>
      <trkpt lat="18.51299169" lon="73.92606092">
        <ele>502</ele>
        <time>2026-09-01T08:37:07Z</time>
        <extensions>
          <geotracker:meta c="5.19" s="6.21" />
        </extensions>
      </trkpt>
      <trkpt lat="18.51300468" lon="73.92600778">
        <ele>501</ele>
        <time>2026-09-01T08:37:08Z</time>
        <extensions>
          <geotracker:meta c="5.08" s="7.15" />
        </extensions>
      </trkpt>
      <trkpt lat="18.5130201" lon="73.92593955">
        <ele>501</ele>
        <time>2026-09-01T08:37:09Z</time>
        <extensions>
          <geotracker:meta c="5.01" s="8.16" />
        </extensions>
      </trkpt>
      <trkpt lat="18.51304437" lon="73.92585522">
        <ele>501</ele>
        <time>2026-09-01T08:37:10Z</time>
        <extensions>
          <geotracker:meta c="4.92" s="8.61" />
        </extensions>
      </trkpt>
      <trkpt lat="18.51306855" lon="73.92576579">
        <ele>501</ele>
        <time>2026-09-01T08:37:11Z</time>
        <extensions>
          <geotracker:meta c="5" s="10.55" />
        </extensions>
      </trkpt>
      <trkpt lat="18.51310048" lon="73.92566546">
        <ele>500</ele>
        <time>2026-09-01T08:37:12Z</time>
        <extensions>
          <geotracker:meta c="4.98" s="10.98" />
        </extensions>
      </trkpt>
      <trkpt lat="18.51313506" lon="73.92555934">
        <ele>499</ele>
        <time>2026-09-01T08:37:13Z</time>
        <extensions>
          <geotracker:meta c="5.06" s="11.69" />
        </extensions>
      </trkpt>
      <trkpt lat="18.51318091" lon="73.92546069">
        <ele>498</ele>
        <time>2026-09-01T08:37:14Z</time>
        <extensions>
          <geotracker:meta c="5.15" s="11.03" />
        </extensions>
      </trkpt>
      <trkpt lat="18.51322889" lon="73.925371">
        <ele>498</ele>
        <time>2026-09-01T08:37:15Z</time>
        <extensions>
          <geotracker:meta c="5.2" s="10.08" />
        </extensions>
      </trkpt>
      <trkpt lat="18.51327441" lon="73.92529498">
        <ele>497</ele>
        <time>2026-09-01T08:37:16Z</time>
        <extensions>
          <geotracker:meta c="5.28" s="8.83" />
        </extensions>
      </trkpt>
      <trkpt lat="18.51331284" lon="73.9252353">
        <ele>497</ele>
        <time>2026-09-01T08:37:17Z</time>
        <extensions>
          <geotracker:meta c="5.26" s="6.57" />
        </extensions>
      </trkpt>
      <trkpt lat="18.51334314" lon="73.92519498">
        <ele>497</ele>
        <time>2026-09-01T08:37:18Z</time>
        <extensions>
          <geotracker:meta c="5.35" s="4.1" />
        </extensions>
      </trkpt>
      <trkpt lat="18.51335986" lon="73.92516757">
        <ele>498</ele>
        <time>2026-09-01T08:37:19Z</time>
        <extensions>
          <geotracker:meta c="5.43" s="1.73" />
        </extensions>
      </trkpt>
      <trkpt lat="18.5133718" lon="73.92515249">
        <ele>498</ele>
        <time>2026-09-01T08:37:20Z</time>
        <extensions>
          <geotracker:meta c="5.38" s="2.49" />
        </extensions>
      </trkpt>
      <trkpt lat="18.51338874" lon="73.92512332">
        <ele>498</ele>
        <time>2026-09-01T08:37:21Z</time>
        <extensions>
          <geotracker:meta c="5.34" s="4.81" />
        </extensions>
      </trkpt>
      <trkpt lat="18.51341594" lon="73.92507395">
        <ele>498</ele>
        <time>2026-09-01T08:37:22Z</time>
        <extensions>
          <geotracker:meta c="5.29" s="6.66" />
        </extensions>
      </trkpt>
      <trkpt lat="18.51345055" lon="73.92501662">
        <ele>497</ele>
        <time>2026-09-01T08:37:23Z</time>
        <extensions>
          <geotracker:meta c="5.37" s="7.44" />
        </extensions>
      </trkpt>
      <trkpt lat="18.51349565" lon="73.92495828">
        <ele>497</ele>
        <time>2026-09-01T08:37:24Z</time>
        <extensions>
          <geotracker:meta c="5.42" s="8.4" />
        </extensions>
      </trkpt>
      <trkpt lat="18.51354929" lon="73.9249017">
        <ele>497</ele>
        <time>2026-09-01T08:37:25Z</time>
        <extensions>
          <geotracker:meta c="5.45" s="8.83" />
        </extensions>
      </trkpt>
      <trkpt lat="18.51360176" lon="73.92485216">
        <ele>496</ele>
        <time>2026-09-01T08:37:26Z</time>
        <extensions>
          <geotracker:meta c="5.5" s="7.33" />
        </extensions>
      </trkpt>
      <trkpt lat="18.51364648" lon="73.92481168">
        <ele>495</ele>
        <time>2026-09-01T08:37:27Z</time>
        <extensions>
          <geotracker:meta c="5.56" s="6.01" />
        </extensions>
      </trkpt>
      <trkpt lat="18.51368872" lon="73.92477161">
        <ele>495</ele>
        <time>2026-09-01T08:37:28Z</time>
        <extensions>
          <geotracker:meta c="5.57" s="7.06" />
        </extensions>
      </trkpt>
      <trkpt lat="18.51373839" lon="73.92472995">
        <ele>495</ele>
        <time>2026-09-01T08:37:29Z</time>
        <extensions>
          <geotracker:meta c="5.61" s="6.17" />
        </extensions>
      </trkpt>
      <trkpt lat="18.5137725" lon="73.92470188">
        <ele>495</ele>
        <time>2026-09-01T08:37:30Z</time>
        <extensions>
          <geotracker:meta c="5.62" s="3.79" />
        </extensions>
      </trkpt>
      <trkpt lat="18.51379287" lon="73.92467916">
        <ele>496</ele>
        <time>2026-09-01T08:37:31Z</time>
        <extensions>
          <geotracker:meta c="5.63" s="2.37" />
        </extensions>
      </trkpt>
      <trkpt lat="18.51381018" lon="73.92466734">
        <ele>496</ele>
        <time>2026-09-01T08:37:32Z</time>
        <extensions>
          <geotracker:meta c="5.78" s="2.6" />
        </extensions>
      </trkpt>
      <trkpt lat="18.5138352" lon="73.92465142">
        <ele>495</ele>
        <time>2026-09-01T08:37:33Z</time>
        <extensions>
          <geotracker:meta c="5.63" s="3.63" />
        </extensions>
      </trkpt>
      <trkpt lat="18.5138691" lon="73.92461387">
        <ele>495</ele>
        <time>2026-09-01T08:37:34Z</time>
        <extensions>
          <geotracker:meta c="5.63" s="6.56" />
        </extensions>
      </trkpt>
      <trkpt lat="18.513924" lon="73.92457087">
        <ele>495</ele>
        <time>2026-09-01T08:37:35Z</time>
        <extensions>
          <geotracker:meta c="5.69" s="7.8" />
        </extensions>
      </trkpt>
      <trkpt lat="18.51399194" lon="73.92452552">
        <ele>495</ele>
        <time>2026-09-01T08:37:36Z</time>
        <extensions>
          <geotracker:meta c="5.78" s="9.03" />
        </extensions>
      </trkpt>
      <trkpt lat="18.51406847" lon="73.92448353">
        <ele>495</ele>
        <time>2026-09-01T08:37:37Z</time>
        <extensions>
          <geotracker:meta c="5.82" s="10.15" />
        </extensions>
      </trkpt>
      <trkpt lat="18.51415078" lon="73.92444162">
        <ele>495</ele>
        <time>2026-09-01T08:37:38Z</time>
        <extensions>
          <geotracker:meta c="5.85" s="10.81" />
        </extensions>
      </trkpt>
      <trkpt lat="18.51423342" lon="73.92440775">
        <ele>496</ele>
        <time>2026-09-01T08:37:39Z</time>
        <extensions>
          <geotracker:meta c="5.95" s="10.32" />
        </extensions>
      </trkpt>
      <trkpt lat="18.51431774" lon="73.92437682">
        <ele>496</ele>
        <time>2026-09-01T08:37:40Z</time>
        <extensions>
          <geotracker:meta c="6.04" s="9.56" />
        </extensions>
      </trkpt>
      <trkpt lat="18.51440492" lon="73.92434824">
        <ele>496</ele>
        <time>2026-09-01T08:37:41Z</time>
        <extensions>
          <geotracker:meta c="6.04" s="9.2" />
        </extensions>
      </trkpt>
      <trkpt lat="18.51448182" lon="73.92433223">
        <ele>495</ele>
        <time>2026-09-01T08:37:42Z</time>
        <extensions>
          <geotracker:meta c="6.06" s="8.59" />
        </extensions>
      </trkpt>
      <trkpt lat="18.51455499" lon="73.92431446">
        <ele>495</ele>
        <time>2026-09-01T08:37:43Z</time>
        <extensions>
          <geotracker:meta c="6.09" s="7.93" />
        </extensions>
      </trkpt>
      <trkpt lat="18.51462343" lon="73.9243034">
        <ele>495</ele>
        <time>2026-09-01T08:37:44Z</time>
        <extensions>
          <geotracker:meta c="6.09" s="6.88" />
        </extensions>
      </trkpt>
      <trkpt lat="18.51466794" lon="73.92429644">
        <ele>495</ele>
        <time>2026-09-01T08:37:45Z</time>
        <extensions>
          <geotracker:meta c="6.07" s="3.12" />
        </extensions>
      </trkpt>
      <trkpt lat="18.51468801" lon="73.92429116">
        <ele>495</ele>
        <time>2026-09-01T08:37:46Z</time>
        <extensions>
          <geotracker:meta c="5.89" s="1.59" />
        </extensions>
      </trkpt>
      <trkpt lat="18.51470851" lon="73.92428823">
        <ele>495</ele>
        <time>2026-09-01T08:37:47Z</time>
        <extensions>
          <geotracker:meta c="6.11" s="2.59" />
        </extensions>
      </trkpt>
      <trkpt lat="18.51473349" lon="73.92428555">
        <ele>495</ele>
        <time>2026-09-01T08:37:48Z</time>
        <extensions>
          <geotracker:meta c="6.1" s="2.8" />
        </extensions>
      </trkpt>
      <trkpt lat="18.51476773" lon="73.92427532">
        <ele>495</ele>
        <time>2026-09-01T08:37:49Z</time>
        <extensions>
          <geotracker:meta c="5.91" s="4.67" />
        </extensions>
      </trkpt>
      <trkpt lat="18.51481408" lon="73.92424875">
        <ele>495</ele>
        <time>2026-09-01T08:37:50Z</time>
        <extensions>
          <geotracker:meta c="5.76" s="6.11" />
        </extensions>
      </trkpt>
      <trkpt lat="18.51485498" lon="73.92421304">
        <ele>496</ele>
        <time>2026-09-01T08:37:51Z</time>
        <extensions>
          <geotracker:meta c="5.44" s="7.02" />
        </extensions>
      </trkpt>
      <trkpt lat="18.51489224" lon="73.9241563">
        <ele>496</ele>
        <time>2026-09-01T08:37:52Z</time>
        <extensions>
          <geotracker:meta c="5.17" s="7.77" />
        </extensions>
      </trkpt>
      <trkpt lat="18.51491353" lon="73.9240843">
        <ele>496</ele>
        <time>2026-09-01T08:37:53Z</time>
        <extensions>
          <geotracker:meta c="4.95" s="8.54" />
        </extensions>
      </trkpt>
      <trkpt lat="18.51492501" lon="73.92401288">
        <ele>497</ele>
        <time>2026-09-01T08:37:54Z</time>
        <extensions>
          <geotracker:meta c="4.84" s="9.19" />
        </extensions>
      </trkpt>
      <trkpt lat="18.51493775" lon="73.92393091">
        <ele>496</ele>
        <time>2026-09-01T08:37:55Z</time>
        <extensions>
          <geotracker:meta c="4.84" s="9.31" />
        </extensions>
      </trkpt>
      <trkpt lat="18.51494555" lon="73.92384851">
        <ele>497</ele>
        <time>2026-09-01T08:37:56Z</time>
        <extensions>
          <geotracker:meta c="4.8" s="8.22" />
        </extensions>
      </trkpt>
      <trkpt lat="18.51495967" lon="73.92378263">
        <ele>498</ele>
        <time>2026-09-01T08:37:57Z</time>
        <extensions>
          <geotracker:meta c="4.94" s="5.72" />
        </extensions>
      </trkpt>
      <trkpt lat="18.5149694" lon="73.92373838">
        <ele>498</ele>
        <time>2026-09-01T08:37:58Z</time>
        <extensions>
          <geotracker:meta c="4.98" s="1.79" />
        </extensions>
      </trkpt>
      <trkpt lat="18.51497396" lon="73.9237217">
        <ele>498</ele>
        <time>2026-09-01T08:37:59Z</time>
        <extensions>
          <geotracker:meta c="4.75" s="2.02" />
        </extensions>
      </trkpt>
      <trkpt lat="18.51498054" lon="73.92369806">
        <ele>499</ele>
        <time>2026-09-01T08:38:00Z</time>
        <extensions>
          <geotracker:meta c="5.04" s="3.24" />
        </extensions>
      </trkpt>
      <trkpt lat="18.51499303" lon="73.92366797">
        <ele>499</ele>
        <time>2026-09-01T08:38:01Z</time>
        <extensions>
          <geotracker:meta c="5.43" s="3.95" />
        </extensions>
      </trkpt>
      <trkpt lat="18.51502367" lon="73.92363804">
        <ele>499</ele>
        <time>2026-09-01T08:38:02Z</time>
        <extensions>
          <geotracker:meta c="5.68" s="4.54" />
        </extensions>
      </trkpt>
      <trkpt lat="18.51505741" lon="73.92362698">
        <ele>499</ele>
        <time>2026-09-01T08:38:03Z</time>
        <extensions>
          <geotracker:meta c="5.94" s="4.65" />
        </extensions>
      </trkpt>
      <trkpt lat="18.51509429" lon="73.92362036">
        <ele>500</ele>
        <time>2026-09-01T08:38:04Z</time>
        <extensions>
          <geotracker:meta c="6.21" s="3.1" />
        </extensions>
      </trkpt>
      <trkpt lat="18.5151134" lon="73.92362195">
        <ele>500</ele>
        <time>2026-09-01T08:38:05Z</time>
        <extensions>
          <geotracker:meta c="0.19" s="1.49" />
        </extensions>
      </trkpt>
      <trkpt lat="18.51512329" lon="73.92362128">
        <ele>500</ele>
        <time>2026-09-01T08:38:06Z</time>
        <extensions>
          <geotracker:meta c="0.1" s="0.99" />
        </extensions>
      </trkpt>
      <trkpt lat="18.51514047" lon="73.92361843">
        <ele>500</ele>
        <time>2026-09-01T08:38:07Z</time>
        <extensions>
          <geotracker:meta c="5.98" s="2.84" />
        </extensions>
      </trkpt>
      <trkpt lat="18.51517358" lon="73.92361617">
        <ele>500</ele>
        <time>2026-09-01T08:38:08Z</time>
        <extensions>
          <geotracker:meta c="6.26" s="2.94" />
        </extensions>
      </trkpt>
      <trkpt lat="18.51519126" lon="73.92361533">
        <ele>500</ele>
        <time>2026-09-01T08:38:09Z</time>
        <extensions>
          <geotracker:meta c="0.17" s="1.38" />
        </extensions>
      </trkpt>
      <trkpt lat="18.51518494" lon="73.92361784">
        <ele>500</ele>
        <time>2026-09-01T08:38:11Z</time>
        <extensions>
          <geotracker:meta c="2.68" s="0.12" />
        </extensions>
      </trkpt>
      <trkpt lat="18.51522861" lon="73.92362388">
        <ele>501</ele>
        <time>2026-09-01T08:38:21Z</time>
        <extensions>
          <geotracker:meta c="0.26" s="4.23" />
        </extensions>
      </trkpt>
      <trkpt lat="18.51527207" lon="73.92364425">
        <ele>501</ele>
        <time>2026-09-01T08:38:22Z</time>
        <extensions>
          <geotracker:meta c="0.29" s="5.4" />
        </extensions>
      </trkpt>
      <trkpt lat="18.51531582" lon="73.92364902">
        <ele>502</ele>
        <time>2026-09-01T08:38:23Z</time>
        <extensions>
          <geotracker:meta c="0.21" s="3.94" />
        </extensions>
      </trkpt>
      <trkpt lat="18.51535241" lon="73.92365078">
        <ele>502</ele>
        <time>2026-09-01T08:38:24Z</time>
        <extensions>
          <geotracker:meta c="6.28" s="3.08" />
        </extensions>
      </trkpt>
      <trkpt lat="18.51537562" lon="73.92364978">
        <ele>502</ele>
        <time>2026-09-01T08:38:25Z</time>
        <extensions>
          <geotracker:meta c="6.07" s="2.18" />
        </extensions>
      </trkpt>
      <trkpt lat="18.51540253" lon="73.9236455">
        <ele>502</ele>
        <time>2026-09-01T08:38:26Z</time>
        <extensions>
          <geotracker:meta c="6.19" s="3.26" />
        </extensions>
      </trkpt>
      <trkpt lat="18.51544373" lon="73.92364223">
        <ele>503</ele>
        <time>2026-09-01T08:38:27Z</time>
        <extensions>
          <geotracker:meta c="6.25" s="5.34" />
        </extensions>
      </trkpt>
      <trkpt lat="18.5154975" lon="73.92364408">
        <ele>503</ele>
        <time>2026-09-01T08:38:28Z</time>
        <extensions>
          <geotracker:meta c="0.04" s="6.42" />
        </extensions>
      </trkpt>
      <trkpt lat="18.51556522" lon="73.92365179">
        <ele>503</ele>
        <time>2026-09-01T08:38:29Z</time>
        <extensions>
          <geotracker:meta c="0.1" s="8.16" />
        </extensions>
      </trkpt>
      <trkpt lat="18.51564523" lon="73.92365992">
        <ele>503</ele>
        <time>2026-09-01T08:38:30Z</time>
        <extensions>
          <geotracker:meta c="0.1" s="9.49" />
        </extensions>
      </trkpt>
      <trkpt lat="18.51573299" lon="73.92366076">
        <ele>503</ele>
        <time>2026-09-01T08:38:31Z</time>
        <extensions>
          <geotracker:meta c="0.08" s="9.39" />
        </extensions>
      </trkpt>
      <trkpt lat="18.515814" lon="73.92366864">
        <ele>503</ele>
        <time>2026-09-01T08:38:32Z</time>
        <extensions>
          <geotracker:meta c="0.08" s="9.25" />
        </extensions>
      </trkpt>
      <trkpt lat="18.51589203" lon="73.92367694">
        <ele>502</ele>
        <time>2026-09-01T08:38:33Z</time>
        <extensions>
          <geotracker:meta c="0.07" s="9.37" />
        </extensions>
      </trkpt>
      <trkpt lat="18.51597237" lon="73.92367979">
        <ele>501</ele>
        <time>2026-09-01T08:38:34Z</time>
        <extensions>
          <geotracker:meta c="0.03" s="9.63" />
        </extensions>
      </trkpt>
      <trkpt lat="18.51605535" lon="73.92368155">
        <ele>499</ele>
        <time>2026-09-01T08:38:35Z</time>
        <extensions>
          <geotracker:meta c="0.02" s="9.81" />
        </extensions>
      </trkpt>
      <trkpt lat="18.5161362" lon="73.92368658">
        <ele>499</ele>
        <time>2026-09-01T08:38:36Z</time>
        <extensions>
          <geotracker:meta c="0.06" s="9.26" />
        </extensions>
      </trkpt>
      <trkpt lat="18.51620933" lon="73.92369278">
        <ele>498</ele>
        <time>2026-09-01T08:38:37Z</time>
        <extensions>
          <geotracker:meta c="0.1" s="8.52" />
        </extensions>
      </trkpt>
      <trkpt lat="18.51628209" lon="73.92369655">
        <ele>498</ele>
        <time>2026-09-01T08:38:38Z</time>
        <extensions>
          <geotracker:meta c="0.05" s="8.21" />
        </extensions>
      </trkpt>
      <trkpt lat="18.51635203" lon="73.9236999">
        <ele>498</ele>
        <time>2026-09-01T08:38:39Z</time>
        <extensions>
          <geotracker:meta c="0.05" s="7.46" />
        </extensions>
      </trkpt>
      <trkpt lat="18.51641322" lon="73.92370217">
        <ele>497</ele>
        <time>2026-09-01T08:38:40Z</time>
        <extensions>
          <geotracker:meta c="0.05" s="6.63" />
        </extensions>
      </trkpt>
      <trkpt lat="18.51646619" lon="73.92370175">
        <ele>498</ele>
        <time>2026-09-01T08:38:41Z</time>
        <extensions>
          <geotracker:meta c="0.04" s="4.38" />
        </extensions>
      </trkpt>
      <trkpt lat="18.51649318" lon="73.92370149">
        <ele>497</ele>
        <time>2026-09-01T08:38:42Z</time>
        <extensions>
          <geotracker:meta c="0.01" s="1.59" />
        </extensions>
      </trkpt>
      <trkpt lat="18.51651447" lon="73.92370367">
        <ele>497</ele>
        <time>2026-09-01T08:38:43Z</time>
        <extensions>
          <geotracker:meta c="6.25" s="2.02" />
        </extensions>
      </trkpt>
      <trkpt lat="18.51654469" lon="73.92370317">
        <ele>497</ele>
        <time>2026-09-01T08:38:44Z</time>
        <extensions>
          <geotracker:meta c="6.23" s="3.93" />
        </extensions>
      </trkpt>
      <trkpt lat="18.51658467" lon="73.92369362">
        <ele>497</ele>
        <time>2026-09-01T08:38:45Z</time>
        <extensions>
          <geotracker:meta c="6.09" s="4.75" />
        </extensions>
      </trkpt>
      <trkpt lat="18.5166262" lon="73.92367853">
        <ele>498</ele>
        <time>2026-09-01T08:38:46Z</time>
        <extensions>
          <geotracker:meta c="5.87" s="5.22" />
        </extensions>
      </trkpt>
      <trkpt lat="18.5166669" lon="73.92365615">
        <ele>498</ele>
        <time>2026-09-01T08:38:47Z</time>
        <extensions>
          <geotracker:meta c="5.7" s="4.87" />
        </extensions>
      </trkpt>
      <trkpt lat="18.51669636" lon="73.92363679">
        <ele>499</ele>
        <time>2026-09-01T08:38:48Z</time>
        <extensions>
          <geotracker:meta c="5.39" s="3.47" />
        </extensions>
      </trkpt>
      <trkpt lat="18.51670822" lon="73.92360745">
        <ele>499</ele>
        <time>2026-09-01T08:38:49Z</time>
        <extensions>
          <geotracker:meta c="4.87" s="3.31" />
        </extensions>
      </trkpt>
      <trkpt lat="18.51671032" lon="73.92356655">
        <ele>499</ele>
        <time>2026-09-01T08:38:50Z</time>
        <extensions>
          <geotracker:meta c="4.72" s="4.73" />
        </extensions>
      </trkpt>
      <trkpt lat="18.516721" lon="73.92352983">
        <ele>499</ele>
        <time>2026-09-01T08:38:51Z</time>
        <extensions>
          <geotracker:meta c="4.87" s="4.34" />
        </extensions>
      </trkpt>
      <trkpt lat="18.51673597" lon="73.92349647">
        <ele>498</ele>
        <time>2026-09-01T08:38:52Z</time>
        <extensions>
          <geotracker:meta c="5.23" s="3.67" />
        </extensions>
      </trkpt>
      <trkpt lat="18.5167454" lon="73.92347828">
        <ele>497</ele>
        <time>2026-09-01T08:38:53Z</time>
        <extensions>
          <geotracker:meta c="5.43" s="1.72" />
        </extensions>
      </trkpt>
      <trkpt lat="18.51675327" lon="73.92347217">
        <ele>496</ele>
        <time>2026-09-01T08:38:54Z</time>
        <extensions>
          <geotracker:meta c="5.68" s="1.15" />
        </extensions>
      </trkpt>
      <trkpt lat="18.51676572" lon="73.9234715">
        <ele>496</ele>
        <time>2026-09-01T08:38:55Z</time>
        <extensions>
          <geotracker:meta c="5.91" s="1.59" />
        </extensions>
      </trkpt>
    </trkseg>
  </trk>
</gpx>